name,Market Value
Mayckel Lahdo,€3.00m
Diego Rubio,€1.00m
Matthieu Epolo,€3.00m
Jovan Mijatovic,€4.50m
Julian Niehues,€1.50m
Joel Grodowski,€700k
Alberto Reina,-
Ian Fray,€500k
Florian Tardieu,€700k
Marco Varnier,€500k
Abdul Mumin,€4.00m
Federico Di Francesco,€1.20m
Waldemar Anton,€24.00m
Miguel Nóbrega,€500k
Pasquale Mazzocchi,€3.00m
Thomas Bruns,€300k
Tomáš Ostrák,€1.20m
Jere Uronen,€1.00m
Facundo Silvestre,€100k
Blás Riveros,€800k
Ayman Kari,€3.00m
Xaver Schlager,€28.00m
Íñigo Sainz-Maza,€1.00m
Tiago Djaló,€12.00m
Fernando Fernández,-
Orji Okwonkwo,€250k
Andrés Rentería,€300k
Oriol Rey,€1.60m
Manuel Neuer,€4.00m
Mohamed Nassoh,€1.00m
Franchesco Flores,€150k
Eric Bailly,€3.00m
Ahmed Asiri,€100k
Hodei Arrillaga,€400k
Kacper Urbański,€7.00m
Brian Gutiérrez,€4.00m
Adam Davies,€75k
Hernán Rengifo,€10k
Mexx Meerdink,€2.50m
Maya Yoshida,€300k
Thomas Henry,€1.80m
Rodrigo Abascal,€800k
José Matos,€1.20m
Raúl Rocabado,€500k
Pedro Lima,-
Hugo Ekitike,€40.00m
Yassin Oukili,€700k
Marcus Rashford,€55.00m
Alejandro Azócar,€750k
Okan Kocuk,€1.70m
Sebastián Pereira,€450k
Musab Al Juwair,Not Found
Predrag Rajković,€9.00m
Xavier Simons,€80.00m
Julián Chicco,€1.00m
Niclas Nadj,€250k
Chuki,-
Christian Gytkjær,Not Found
Stoichkov,-
Stipe Vulikić,€500k
Robert Leipertz,€400k
Alphadjo Cissè,€1.40m
Daan Rots,€5.00m
Simon Scherder,€250k
Noni Madueke,€40.00m
Timo Horn,€500k
Nasser Al Bishi,Not Found
Maduka Okoye,€7.50m
Djakaría Barro,€100k
Terrats,€4.00m
Danny Musovski,€600k
Nathan Patterson,€15.00m
Juanma García,€700k
Rey Manaj,€4.00m
Giuseppe Aurelio,€400k
Julián Malatini,€3.00m
Renato Ibarra,€500k
Billy Mitchell,€3.20m
Frank Feller,€350k
Santiago Giménez,€37.00m
Larrazabal,€800k
Charlie Hughes,€3.50m
Will Fish,€550k
Raul Paula,€700k
Valgeir Lunddal,€1.50m
Elias Manoel,€2.00m
Hamilton Piedra,€400k
Amin Younes,€600k
Iván Ramírez,€1.00m
Rodi Ferreira,€400k
Nicolò Cambiaghi,€7.00m
Marco Davide Faraoni,€1.00m
Rémi Oudin,€2.50m
Ethan Bristow,€150k
Johan Lara,€150k
Kristoffer Peterson,€600k
Russell Canouse,€800k
Martín Rodríguez,€100k
Yoane Wissa,€28.00m
Pedro Mendes,-
Erick Canales,€400k
Cris Salvador,Not Found
Tommaso Augello,€1.80m
Emile Smith Rowe,€32.00m
Juan Carlos Pereira,-
Gedson Fernandes,€17.00m
Tim Drexler,€3.00m
Saad Balobaid,€450k
Naif Masoud,€175k
Alex Pritchard,€1.00m
Aimé Omgba,€1.50m
Pierce Charles,€150k
Yasin Ayari,€12.00m
Juan Mercado,€400k
Alberto Contrera,€275k
Nicolai Rapp,€1.00m
Tomás Avilés,€6.00m
Horațiu Moldovan,€2.20m
Conner Antley,€250k
Diego González,€50k
Armando Obispo,€3.50m
Clayton,-
Exequiel Palacios,€40.00m
James Edmondson,-
Rubén Peña,€2.20m
Hugo Guillamón,€8.00m
Lautaro Acosta,€75k
Ionuț Nedelcearu,€750k
Lautaro Giaccone,€1.50m
Franco Soldano,€250k
Josh Laurent,€2.00m
Janus Vivar,€150k
Youssef Amyn,€500k
Matteo Godfroid,€50k
Kenny Lala,€2.50m
Nicolò Bertola,€6.50m
Luciano Valente,€1.50m
Lewis Gibson,€1.80m
Facundo Zabala,€1.50m
Federico Cristóforo,€50k
Yoni Gomis,€1.00m
Ibrahima Sory Bangoura,€2.50m
Víctor Cantillo,€800k
Jayson Molumby,€3.00m
Jacopo Petriccione,€650k
Matías Mir,-
Geovane Jesus,€800k
Julian Lelieveld,€500k
Sai Sachdev,€150k
Thibaut Courtois,€25.00m
Arvin Appiah,€400k
Sebastián Sosa Sánchez,€300k
Jan-Carlo Simić,€7.00m
Manu Hernando,€1.60m
Armando Rivas,-
Williot Swedberg,€5.00m
Tom Lockyer,€2.50m
Derrick Etienne Jr.,€1.20m
Romeo Vermant,€4.00m
Hugo Silveira,€400k
Mattia Viti,€6.50m
Robin Koch,€18.00m
Rocco Vata,€350k
Emil Bohinen,€1.80m
Alessio Rizza,€200k
Rubén Blanco,€1.50m
Rui Patrício,€1.00m
Théo De Percin,€100k
Christian Viet,-
Jesse Bosch,€900k
Eliaquim Mangala,€350k
Cecilio Domínguez,€1.20m
Merih Demiral,€14.00m
Zakaria Aboukhlal,€10.00m
Lewis Dobbin,€2.50m
Teden Mengi,€11.00m
Gastón Benavídez,€4.00m
Ramy Bensebaini,€7.00m
Tobias Sippel,€300k
Marcos Acuña,€3.50m
Hakon Valdimarsson,€2.50m
Fahad Al Rashidi,Not Found
Gustavo Almada,€250k
Arbilla,€200k
Andrés Martín,-
Kévin Keben,€700k
Damion Downs,€3.00m
Matías Pérez García,€25k
Alberto Sánchez,€75k
Nicola Sansone,€800k
Romano Schmid,€15.00m
Emerson Ruiz,€325k
Cláudio Ramos,€1.50m
Alphonse Areola,€10.00m
Afeez Aremu,€600k
Abdullah Al Joui,Not Found
Arnaldo Giménez,€50k
Daniel Camacho,-
Luca Vignali,€600k
Marko Bulat,€3.00m
Brais Martínez,€500k
Samu,€2.00m
Calum Scanlon,€700k
Bakery Jatta,€1.30m
Joedrick Pupe,€1.00m
Christian Nørgaard,€15.00m
Ian Harkes,€600k
Michael Zetterer,€4.50m
Lautaro Comas,€225k
Tani Oluwaseyi,€3.00m
Sebastiano Esposito,€7.00m
Hussain Sibyani,Not Found
William Troost-Ekong,€1.80m
Diogo Monteiro,€400k
Fernando Meza,€125k
Joey Jacobs,€500k
Martin Erlić,€5.00m
Abdülkadir Ömür,€7.00m
Jérôme Roussillon,€1.20m
Grigoris Kastanos,€1.80m
Olivier Mbaizo,€1.00m
Miguel Jacquet,€300k
Abdoulaye Touré,€3.00m
Naby Keïta,€1.00m
Robert Wagner,€3.00m
Emiliano Ramos,€150k
Malcom Braida,€3.50m
Marco Farfan,€2.00m
Daniel Gore,€900k
Olaetxea,€600k
Sam Long,€75k
Ignacio Galván,€200k
Fin Back,€350k
Óscar Gil,€700k
Jordan Pickford,€20.00m
Felipe Salomoni,€600k
Marnon Busch,€1.20m
Taha Habroune,€75k
Paolo Garcia,-
Ricardo Rodríguez,€3.50m
Joan García,€10.00m
Manuel Marras,€400k
James Morris,-
Seán Grehan,€150k
Eric da Silva Moreira,€1.00m
Xavier Arreaga,€1.50m
Caro,-
Riccardo Pagano,€2.50m
Cameron Pring,€2.50m
Danilo Pereira,€5.00m
Gonzalo Petit,€750k
Rodrigo Borzone,-
Luc Nieuwenhuijs,€75k
Uğurcan Yazğılı,€1.20m
Sergio Villamíl,€300k
Griffin Dorsey,€800k
Leo Väisänen,€1.50m
Diego Sánchez,€600k
Guido Rodríguez,€15.00m
David López,€2.50m
Patrick Pflücke,€1.80m
Will Alves,-
Florian Bianchini,€2.00m
José Menor,-
Trevoh Chalobah,€13.00m
Aaron Ramsey,€1.00m
Robson,-
Colin Kleine-Bekel,€2.50m
Agustín Urzi,€1.50m
Antonio Sánchez,€2.50m
Marius Gersbeck,€350k
Luís Henrique,€15.00m
Ragnar Ache,€5.00m
Diego Méndez,-
Cristóbal Dorador,-
Luis Garro,€275k
Daniel Elfadli,€2.50m
Agustín Graneros,€450k
Isi Palazón,€8.00m
Nicolás Oroz,€800k
Joaquín,€3.00m
Maximiliano González,€300k
Andu Kelati,€800k
El Bilal Touré,€20.00m
Casey Walls,€150k
Odsonne Edouard,€14.00m
Kenzo Goudmijn,€1.50m
Matheus,€20.00m
Martin Valjent,€6.00m
David Zalzman,€275k
Gabriel Silva,€12.00m
Zack Nelson,€500k
Alfie Tuck,-
Agustín Albarracín,€300k
Anthony Rouault,€10.00m
Amin Sarr,€4.00m
Adam Armstrong,€16.00m
Ivo Pinto,€350k
Matteo Rover,€900k
Lorenzo Venuti,€800k
Mattie Pollock,€900k
Junior Sornoza,€1.50m
Josué Casimir,€3.50m
Adrien Thomasson,€5.00m
Juan Cruz,€200k
Luis Caicedo,€4.00m
Muath Faqihi,Not Found
Will Smallbone,€7.00m
Etienne Camara,€2.00m
Omar Al Jadaani,Not Found
Grégoire Coudert,€400k
Nikolas Veratschnig,€800k
Quilindschy Hartman,€23.00m
Álvaro Núñez,-
Aaron Cresswell,€700k
Leon Bell Bell,€650k
Marcos Lliuya,€400k
Ryoya Ogawa,€1.20m
Cesare Casadei,€10.00m
Frankarlos Benítez,€225k
Ciro Immobile,€3.30m
Marc Casadó,€15.00m
Marcial Aquino,€25k
Hendrik Van Crombrugge,€2.00m
Carlos Grados,€400k
Simon Banza,€15.00m
Eghosa Bello,€50k
Nicholas Gioacchini,€2.00m
Gabriel Fuentes,€1.50m
Scott Banks,€500k
Giannis Papanikolaou,€1.50m
Terry Devlin,€250k
Jhon Solís,€4.00m
Anthony Partipilo,€750k
Oscar Schönfelder,€350k
Denis Genreau,€800k
Luca Martínez Dupuy,€500k
Gastón Ramírez,€125k
Awn Al Bishi,Not Found
Viktor Johansson,€2.50m
Kei Kamara,€100k
Tiago Santos,€15.00m
Pol Moreno,€500k
Oh Hyeon Gyu,Not Found
Robert Ivanov,€750k
Bram Nuytinck,€450k
William Yarbrough,€150k
Carlo Villanueva,€400k
Pol Lirola,€4.00m
Jordy Soladio,€400k
Yukinari Sugawara,€12.00m
Cristhian Paredes,€2.00m
Jordan Archer,€250k
Matchoi Djaló,€1.10m
César Pinares,€450k
Carney Chukwuemeka,€15.00m
Luca Zanimacchia,€1.40m
Oğuzhan Efe Yılmaz,€125k
Karlan Grant,€3.80m
Amadou Dante,€1.50m
Jordi Alba,€2.00m
Felix Uduokhai,€8.00m
Laurit Krasniqi,-
Nicolás Lodeiro,€1.00m
Nouhou,€4.50m
Solly March,€10.00m
Ben Doak,€10.00m
Ibrahim Osman,€16.00m
Massimiliano Mangraviti,€1.20m
Philipp Köhn,€4.00m
Chemsdine Talbi,€3.00m
Michel Aebischer,€10.00m
Ali Karimi,-
Agirrezabala,€10.00m
Haji Wright,€7.00m
Brendan Chardonnet,€8.00m
Issam El Maach,€75k
Jesús Murillo,€2.50m
Marcel Franke,€700k
Edison Carcelén,€300k
Gerard Moreno,€10.00m
Gustavo Ramos,-
Federico Fernández,-
Rémy Cabella,€3.00m
Haris Hajradinović,€2.00m
Armando Ruiz Díaz,€75k
Antoni Milambo,€16.00m
Majed Qasheesh,€200k
Shurandy Sambo,€2.00m
Morgan Rogers,€40.00m
Veysel Sarı,€150k
Malcolm Fry,€75k
Jake Girdwood-Reich,€600k
Boubakary Soumaré,€14.00m
Riccardo Fiamozzi,€300k
Diego Valencia,€900k
Mario González,€2.00m
Christian Oliva,€1.00m
Dejan Kulusevski,€60.00m
Enrique Bologna,€25k
Habib Al Watyan,Not Found
Héctor Villalba,€1.80m
Alaa Bellaarouch,€1.00m
Matheus Pereira,€10.00m
Lucas Mincarelli,€900k
Álex Martín,€100k
Eddie Segura,€1.20m
Lucas Ahijado,€1.00m
Amine Lachkar,€650k
Nathaniel Méndez-Laing,€400k
Domenico Berardi,€10.00m
Levonte Johnson,€250k
Mauro Arambarri,€5.00m
Cabello,-
Nicholas Scardina,€150k
Ryan Sailor,€200k
George Hirst,€5.00m
Rob Holding,€4.00m
Joe Allen,€300k
Karamoko Dembélé,€900k
Andrea Bertolacci,€250k
Hussain Al Qahtani,Not Found
Hamdan Al Ruwaili,Not Found
Lewis Hall,€25.00m
Maximilian Eggestein,€10.00m
Jayden Reid,€100k
Michael Verrips,€800k
Joey Skinner,€50k
Wout Weghorst,€5.00m
Noah Kruth,€100k
Sil Swinkels,€150k
Álvaro Valles,€7.50m
Matías Almeida,-
Andrea D'Errico,€250k
Kodai Sano,€4.00m
Vitinho,€1.80m
Tanner Beason,€800k
Dave Romney,€1.00m
Isaac Asante,€100k
Rooney Troya,€50k
Yaimar Medina,€3.50m
Koen Casteels,€5.00m
Serkan Asan,€250k
Daniel Valdés,€25k
Jakub Jankto,€1.00m
Lucas Martínez Quarta,€10.00m
Giorgi Chakvetadze,€2.50m
Mikkel Damsgaard,€15.00m
Cameron Peupion,€100k
Lautaro Morales,€1.20m
Marco Bleve,€500k
Shon Weissman,€1.40m
Pablo Felipe,€750k
Karl Hein,€3.00m
Damián Pizarro,€6.50m
Abdulhadi Al Harajin,Not Found
Kewin,€1.50m
Curro Sánchez,€2.20m
Abdulrahman Al Hajeri,Not Found
Stefán Teitur Thórdarson,€1.80m
Mattia Aramu,€1.00m
Salem Al Dawsari,Not Found
Saad Al Nasser,Not Found
Jadel Katongo,€500k
Pablo Magnín,€275k
Andreas Hanche-Olsen,€7.00m
Ercan Kara,€1.20m
Alfonso Trezza,€600k
Loïs Diony,€1.80m
James Tarkowski,€10.00m
Franco Lobos,€300k
Phillipp Mwene,€1.80m
Lasse Nielsen,€75k
Mads Frøkjær,Not Found
Christian Mawissa,€12.00m
Victor Lindelöf,€10.00m
Cristián Zavala,€1.20m
Diego Novoa,€200k
Julio González,€250k
Jhon Lucumí,€18.00m
Santiago Bueno,€8.00m
Danny Batth,€300k
Fábio Vieira,€22.00m
Sean Johnson,€800k
Lautaro Giannetti,€2.50m
Jonathan de Guzmán,€175k
Rafael Santos,€8.00m
Ollie Watkins,€55.00m
Luke Thomas,€6.00m
Arda Güler,€45.00m
Hjalmar Ekdal,€7.00m
James Collins,-
Ross Sykes,€2.20m
Gastón Benedetti,€3.20m
Marios Vrousai,€1.50m
Vincenzo Fiorillo,€150k
Ernesto Torregrossa,€400k
Álex Bermejo,€500k
Juanto Ortuño,€400k
Alfie Marriott,-
Chris Mepham,€6.00m
Emre Mor,€1.10m
Maximilian Kilman,€35.00m
Ben Mee,€900k
Robin Gosens,€8.00m
David Vazquez,-
Steve Clark,-
Alexander Weidinger,€125k
Máximo Perrone,€9.00m
Felix Platte,€500k
Yari Verschaeren,€5.00m
Victor Nelsson,€14.00m
Cristopher Varela,€375k
Kevin Paredes,€7.50m
Bertin Jacquesson,€200k
Neymar Jr,Not Found
Latif Blessing,€1.00m
Marco Jair Castillo,€150k
Lucien Agoumé,€6.00m
Zeki Yavru,€350k
Sebastian Berhalter,€1.00m
Luca Belardinelli,€800k
Adriano Grimaldi,€400k
Jizz Hornkamp,€900k
Patrick Wimmer,€12.00m
Matías Soulé,€22.00m
Erick Cano,€175k
Fernando Álvarez,€1.00m
Tobías Portillo,€500k
Christian Kabasele,€1.00m
Denilho Cleonise,€500k
Cyril Ngonge,€12.00m
Baran Ali Gezek,€900k
Alex Muñoz,€1.20m
Brecht Dejaegere,€800k
Mirko Tomianovic,€300k
Will Dennis,€350k
Chris Rigg,€9.00m
Miha Zajc,€1.80m
Liam Cullen,€1.20m
Jonathan Bond,€600k
Gori,€6.00m
Hamed Al Ghamdi,Not Found
Romain Del Castillo,€10.00m
Harry Vaughan,€400k
Eric Curbelo,€800k
Andreas Bouchalakis,€500k
Thomas Meunier,€2.00m
Joel Chima Fujita,€1.80m
Dominik Kohr,€2.50m
Santino Vera,-
Jakob Glesnes,€3.50m
Frederik Rønnow,€4.00m
Lorenzo Sgarbi,€300k
Justin Bijlow,€6.50m
Andy Diouf,€10.00m
Bandar Al Mutairi,Not Found
Kusini Yengi,€700k
Jaka Čuber Potočnik,€350k
Joe Bennett,€100k
Iano Simão,€150k
Regan Poole,€500k
Wahid Faghir,€1.00m
David Soria,€5.00m
Daan Heymans,€3.00m
Jean Butez,€4.00m
Novak Mićović,€400k
Joe Gomez,€28.00m
Edisson Jordanov,€300k
Javi Hernández,€2.50m
Arturo Calabresi,€800k
Lucas Lavagnino,-
Miguel Rodríguez,€2.00m
Pablo Rodríguez,-
Joseph Rosales,€2.50m
Rob Atkinson,€2.00m
Ryan Giles,€5.00m
Carlos Neva,€2.00m
Elias Bakatukanda,€250k
Bruno Almeida,€1.20m
Miguel Sousa,-
Lorenzo Lucchesi,€800k
Jordan Amavi,€2.00m
Tiago Palacios,€6.00m
Víctor Samudio,€25k
Ander Herrera,€2.00m
Filip Bilbija,€2.00m
Alex Bono,€600k
Abel Ruiz,€12.00m
Jordy Makengo,€3.00m
Youssouf Ndayishimiye,€12.00m
Craig Forsyth,€100k
Andrew Hjulsager,€800k
Pedro Chirivella,€5.00m
Artur,€300k
Oliver Cooper,€3.00m
Clément Lenglet,€5.00m
Joshua Quarshie,€800k
Florian Pick,€500k
Tommy Doyle,€10.00m
Benjamín Domínguez,€6.00m
Isaiah LeFlore,€25k
Emiliano Amor,€650k
Jeremie Frimpong,€50.00m
Kevin Schade,€22.00m
Tyler Hall,€100k
Martin Terrier,€20.00m
Manor Solomon,€11.00m
Hwang Ui Jo,€1.40m
Nahuel Bustos,€2.70m
Fabián Cerda,€125k
Zeki Amdouni,€15.00m
Ben Osborn,€900k
José León,-
Matteo Cotali,€600k
Ziad Al Haniti,Not Found
Dailon Rocha Livramento,€800k
Harold Rivera,€500k
Tika de Jonge,€500k
Pablo Marín,€1.50m
Moritz Nicolas,€3.50m
Mada,€27.00m
Amadou Koné,€1.00m
Borja Iglesias,€5.00m
Davis Camacho,€150k
Orrin McKinze Gaines,€500k
Telmo Arcanjo,€800k
Alexis Fariña,€1.00m
Dániel Sallói,€3.00m
Braydon Manu,€1.00m
Derlis González,€2.00m
Fernando Zampedri,€400k
David Silva,-
Matt Ingram,€900k
Ryan Andrews,€2.00m
Amad Diallo,€25.00m
Abdulbasit Hawsawi,Not Found
Modibo Sagnan,€3.00m
Mohammed Al Majhad,Not Found
Connor Roberts,€6.00m
Tachi,-
Sultan Farhan,-
Sébastien Haller,€7.50m
Sontje Hansen,€3.50m
Matías Di Benedetto,€375k
Jonathan Urretaviscaya,€175k
Ademola Lookman,€55.00m
William Carvalho,€3.00m
Thomas Kok,€250k
Nnamdi Collins,€4.00m
Tom Davies,€5.00m
Fabian Holland,€200k
Stefano Scognamillo,€700k
Tommy Smith,-
Nikola Štulić,€500k
Nestory Irankunda,€3.00m
Francesco De Rose,€175k
Godfried Ayesu Owusu Frimpong,€2.00m
Jhojan Domínguez,€175k
Derry Scherhant,€1.50m
Patrick Mainka,€3.00m
Justin Duda,€50k
Rayan Al Dawsari,Not Found
Hannibal,€9.00m
Ísak Bergmann Jóhannesson,€5.00m
Adrián Peña,€150k
Alejandro Martínez,€100k
Meshari Al Nemer,Not Found
Fabian Tait,€500k
Daniele Baselli,€400k
Niklas Süle,€15.00m
Luka Jović,€4.00m
Rani Khedira,€3.00m
Will Vaulks,€900k
Matty Cash,€28.00m
Edwin Cerrillo,€2.50m
César Álvarez,€25k
Danny Schmidt,€600k
Nicolò Rovella,€25.00m
Ryan Leonard,€300k
Cieran Slicker,€300k
Dane Scarlett,€1.50m
Ali Yavuz Kol,€300k
Martin Delavallée,€300k
Alejandro Camargo,€100k
Niclas Thiede,€350k
Stefan Ortega,€9.00m
Hugo Álvarez,€3.00m
Luka Gavran,-
François Mughe,€500k
Pedro Amador,€850k
Cristhian Solano,€800k
Casper Nielsen,€3.00m
Sebastián Fernández,-
Enrique Taborga,€450k
Jaume Grau,€700k
Herbert Endeley,€175k
Ibrahim Olawoyin,€2.00m
Ringo Meerveld,€2.00m
Mees Hilgers,€9.00m
Michael Venturi,€650k
Karim Adeyemi,€35.00m
Aitor,-
Bader Al Mutairi,Not Found
Aarón,-
Takefusa Kubo,€50.00m
Germán Pezzella,€2.70m
Matthias Bader,€1.80m
Wilfried Singo,€25.00m
William Mendieta,€100k
Marco Carnesecchi,€20.00m
Pierluigi Frattali,€50k
Brad Collins,€1.20m
Víctor Moreno,-
Birger Verstraete,€2.00m
Jewison Bennette,€900k
Pedro Obiang,€500k
Cenk Şen,€750k
Josh Windass,€500k
Maximiliano Caire,€75k
Alban Lafont,€7.00m
Sinan Bolat,€300k
Oliver Burke,€1.00m
Karrikaburu,€2.50m
Yayah Kallon,€500k
Ayman Benarous,€200k
Abdullah Al Meqran,Not Found
Ramón Enríquez,€300k
Luke Cundle,€5.00m
Sam Larsson,€1.50m
Théo Pellenard,€800k
Nery Domínguez,€300k
Harry Clarke,€5.00m
Milton Casco,€150k
Ángel Correa,€18.00m
Aidan O'Connor,€75k
Mattia Zaccagni,€20.00m
Sami Ouaissa,€900k
Kees Smit,€2.00m
Fabián Ruiz,€35.00m
Odilon Kossounou,€30.00m
Saud Abdulhamid,€4.00m
Armel Bella Kotchap,€12.00m
Jakub Kamiński,€6.00m
Denis Zakaria,€30.00m
Timo Werner,€15.00m
Esmir Bajraktarevic,€3.50m
Remko Pasveer,€150k
Chuba Akpom,€8.00m
Fabien Centonze,€2.50m
Luis Abelardo Vargas,€100k
Joe Aribo,€6.00m
Filippo Ranocchia,€4.00m
Thimothée Lo-Tutala,€350k
Jérémy Blasco,€700k
Ibrahim Maza,€12.00m
Sergio Gómez,€10.00m
Lee Hyun Ju,Not Found
Conor Bradley,€20.00m
Nordi Mukiele,€10.00m
Bassam Al Hurayji,Not Found
Mansour Hamzi,€150k
Aribim Pepple,€100k
Emanuel Emegha,€15.00m
Alaaddin Okumuş,€150k
David Rodríguez,€5.00m
Marquinhos,€40.00m
Marvin Johnson,€250k
Andreas Christensen,€30.00m
Paris Maghoma,€350k
Dejan Lovren,€800k
Mohammed Al Kuwaykibi,Not Found
Nelson Sepúlveda,€200k
Mattéo Tramoni,€4.00m
Fabio Chiarodia,€2.00m
Nicolás Ferreyra,€200k
Arnaud Dony,€200k
Alfie Pond,€250k
Muteb Al Mufarrij,Not Found
Tyler Dibling,€22.00m
Michal Ševčík,€750k
Rui Modesto,€1.80m
Valentino Vermeulen,€250k
Mijaíl Avilés,€50k
Lazare Amani,€3.50m
Alex Millán,€500k
Ruiz de Galarreta,€5.00m
Obinna Nwobodo,€3.00m
Edwuin Pernía,€400k
Jacob Wright,€800k
Amir Richardson,€9.00m
Juan Ignacio Nardoni,€7.00m
Ben Lundt,€200k
Jan-Niklas Beste,€14.00m
Morato,€15.00m
Simone Trimboli,€800k
Brad Smith,€500k
Gauthier Gallon,€1.00m
Thomas Thiesson Kristensen,€4.50m
Akor Jerome Adams,€9.00m
Filippo Melegoni,€1.00m
Nelson Palacio,€1.20m
Ezequiel Bullaude,€2.50m
Christopher Operi,€4.00m
Akil Watts,€400k
Cristian Gamboa,€500k
Joaquín Molina Huamán,€25k
Gu Choi,€500k
Fabian Schär,€9.00m
Juan Nieto,€500k
Gonçalo Almeida,-
Facundo Torres,€14.00m
Óscar,€4.00m
Sebastián Assís,€300k
Bernardo,€60.00m
Marvin Peersman,€350k
Michael Rose,-
Waleed Bakhashwain,Not Found
Ilias Kostis,€500k
Juan Daniel Pérez,€350k
Guillermo Viscarra,€375k
Brayan León,€1.40m
Tasos Douvikas,€6.00m
Moyita,€200k
Álvaro García,€3.00m
Jefferson Lerma,€14.00m
Tomas Totland,€1.50m
Olivier Boscagli,€27.00m
Jon García,-
Dani Martín,€600k
Stefan Mitrović,€1.80m
Luis Advíncula,€500k
José Aja,€300k
Jonathan Meier,€350k
Leart Paqarada,Not Found
Dan Ndoye,€25.00m
Michael Kayode,€18.00m
Aldo Galeano,-
Marcelo Ferreira,€100k
Mohammed Khubrani,Not Found
Harry Christy,-
Patrick Dorgu,€20.00m
Diadié Samassékou,€1.00m
Kevin Volland,€2.50m
Joni Montiel,€1.00m
Alexander Ring,€800k
Amir Hadžiahmetović,€5.50m
Matteo Ricci,€400k
Jenson Seelt,€2.00m
Kobe Cools,€800k
Maximiliano Rodríguez Vejar,Not Found
Amankwah Forson,€5.00m
Josué Limberth Mamani,€300k
Darnell Furlong,€3.50m
Doğucan Haspolat,€4.00m
Ángelo Campos,€200k
Jules-Anthony Vilsaint,€500k
Edwuin Cetré,€3.20m
Max Rosenfelder,€4.00m
Charlie Taylor,€2.80m
Ángel,€3.00m
Ray Gómez,-
Enzo Giménez,€600k
Tate Schmitt,€400k
Bryan Teixeira,€800k
Joe Bryan,€1.20m
Ramiz Zerrouki,€6.50m
Tyrell Malacia,€15.00m
Braian Aguirre,€1.70m
Saïdou Sow,€6.00m
Nico Melamed,€4.00m
Nacho Martín,€400k
Carl Starfelt,€6.00m
Bryan Rovira,€450k
Max O'Leary,€2.50m
Magnus Knudsen,€2.50m
Tunahan Taşçı,€300k
Callum Wood,-
Andréas Hountondji,€2.80m
Marwan Al Haidari,Not Found
Alec Van Hoorenbeeck,€800k
Sinclair Armstrong,€2.20m
Niklas Castelle,€150k
Dustin Forkel,€400k
Juan Millán,-
Iñigo Martínez,€5.00m
Renan Lodi,€15.00m
Andreas Jungdal,€900k
Michele Cerofolini,€700k
Rúnar Þór Sigurgeirsson,Not Found
Oscar Bobb,€25.00m
Ronnie Edwards,€3.80m
Darragh Lenihan,€2.00m
Benhur Keser,€750k
Quiles,€1.20m
Álvaro Djaló,€15.00m
Maxim De Cuyper,€12.00m
Mattias Svanberg,€12.00m
Karol Świderski,€5.00m
Thomas Beelen,€9.00m
Diego Carlos,€11.00m
Rodrigo Schlegel,€2.00m
Yunus Akgün,€11.00m
Cedric Diomandè Gondo,Not Found
Loïc Badé,€20.00m
Dženan Pejčinović,€2.00m
Darko Gyabi,€1.80m
Mattia Chiesa,€100k
Vitaliy Mykolenko,€28.00m
Hugo Gambor,€2.00m
Danny Pérez,€325k
Erdem Çetinkaya,€250k
Bilal Bayazıt,€2.20m
Stephen Eustáquio,€11.00m
Lucas Piazón,€1.00m
Florent Shehu,€50k
Paxten Aaronson,€6.00m
James Shea,€200k
Kyle Smith,€600k
Dylan Nandín,€800k
Darío Poveda,€500k
Andy Smith,-
Matisse Didden,€900k
Víctor Cedrón,€400k
Kendry Páez,€12.00m
Patrick Yazbek,€2.00m
Roberto Massimo,€1.00m
Marko Dmitrović,€900k
Marcel Beifus,€2.00m
Yanis Rahmani,€700k
Manu Molina,€300k
Álvaro,€13.00m
Bartuğ Elmaz,€1.50m
Ashley Barnes,€500k
Christoph Zimmermann,€500k
Daniel Mosquera,€1.50m
Benjamin Martino,€75k
Víctor Barberá,€700k
Benjamin Lecomte,€3.00m
Callum Brittain,€2.50m
Lekue,€3.00m
Mirza Cihan,€200k
Luka Modrić,€6.00m
Caden Glover,€300k
Alexis Cantero,-
David Kinsombi,€600k
Çağlar Söyüncü,€8.50m
Paul Marie,€1.00m
Mauricio Pineda,€1.20m
Adrian Rus,€1.00m
Miguel Barbieri,€1.00m
Sidney Raebiger,€300k
Carlos Lampe,€75k
Krépin Diatta,€10.00m
Renato Pantalon,€800k
Philipp Pentke,€200k
Selmir Pidro,€200k
Emir Sahiti,€1.50m
Pape Matar Sarr,€45.00m
Unai García,€1.20m
Ismaël Koné,€12.00m
Nökkvi Þórisson,Not Found
Iván Azón,€3.00m
Robert Kampa,-
Francisco Álvarez,€3.00m
Matheus Dias,€1.80m
Joshua Yaro,€400k
Altin Zeqiri,€1.50m
David Noboa,€125k
Mateo Hernández,-
Mohammed Al Mahasna,Not Found
Malick Thiaw,€20.00m
Saeed Al Rubaie,Not Found
Danilo,€4.00m
Saad Al Mousa,Not Found
Gonzalo Castellani,€100k
Ewoud Pletinckx,€2.00m
Kyle Hiebert,€1.50m
Arnaut Danjuma,€13.00m
Firas Al Ghamdi,Not Found
Rogério,-
Johan Manzambi,€750k
Cristhian Machado,€125k
Azzam Al Bishi,Not Found
Thomas Kaminski,€2.50m
Daniel Muñoz,€25.00m
Erik Sviatchenko,€1.20m
Luca Sosa,€1.50m
Marc-André Jürgen,-
Calvin Bassey,€16.00m
Diego Luna,€6.00m
Björn Meijer,€6.00m
Álvaro Villete,€250k
David Møller Wolfe,€4.50m
Alfredo Morales,€200k
Zé Pedro,€3.00m
Michael Lallemand,€200k
Sebastian Szymański,€17.00m
Mathias Pereira Lage,€2.00m
Charlie Patino,€2.00m
Assane Dioussé,€800k
Andrea Papetti,€1.80m
Felipe Augusto,-
Barış Atik,€800k
Marcos,€40.00m
Daan Dierckx,€400k
David Ankeye,€1.80m
Mika Haas,€150k
Paddy Lane,€700k
Tommaso Corazza,€1.00m
Hernán López Muñoz,€5.00m
Robert Castellanos,€200k
Cristian Carracedo,€400k
Livan Burcu,€1.20m
Nicolás Ferreira,-
Abdullah Al Khatib,Not Found
Weverson,€1.00m
Adnan Aktaş,€50k
Martín Suárez,-
Gayà,€20.00m
Isac Lidberg,€3.00m
Jutglà,€5.00m
Dagur Dan Þór­halls­son,Not Found
Josué Castillo,-
Tom Dele-Bashiru,€1.20m
Francisco Báez,€150k
Hugo Rincón,€700k
Costantino Favasuli,€500k
Alberto Moreno,€1.80m
Femi Azeez,€900k
Nathan-Dylan Saliba,€2.00m
Alexsandro,-
Simy,€500k
Aaron Opoku,€800k
Pablo Martínez,€200k
Ramiro Nahuel García,-
Yassin Belkhdim,€800k
Willy Kambwala,€5.00m
Haissem Hassan,€2.00m
Michael Svoboda,€3.00m
Fontàs,€200k
Dan Burn,€7.00m
Ousmane Diomande,€40.00m
Ron Schallenberg,€1.50m
Giorgio Altare,€1.80m
Krzysztof Piątek,€6.50m
Jhonny Da Silva,Not Found
Christopher Bonsu Baah,€6.00m
Conor Townsend,€1.20m
Carlos Arboleda,€50k
Jacob Murrell,€250k
Cole Palmer,€130.00m
Jeremía Recoba,€1.00m
Alejandro Chumacero,€175k
Luca Sangalli,€200k
Matias Delgadillo,-
Jorge Broun,€125k
Jakov Medić,€2.00m
Mario Martín,€500k
Nahuel Noll,€1.00m
Bafodé Diakité,€25.00m
Raffaele Pucino,€250k
Khéphren Thuram,€35.00m
Freddie Woodman,€3.50m
Kyrell Wilson,-
Gökhan Gül,-
Denis Drăguș,€4.00m
Joël Veltman,€7.00m
Ched Evans,€150k
Victor Cabañas,€400k
Hector Jimenez,-
Marc Lorenz,€175k
Saleh Al Shehri,Not Found
Emir Ortakaya,€900k
Olasagasti,€1.20m
Gianluca Caprari,€2.50m
Alec Kann,€150k
Abdoulaye Ndiaye,€3.00m
Tomás Chancalay,€2.50m
Szymon Żurkowski,€2.50m
Ely Valderrey,€25k
Lyle Foster,€13.00m
Oscar Schwartau,€2.20m
Akieme,€7.00m
John McGinn,€23.00m
Jacopo Desogus,€250k
Sergi Canós,€2.50m
Nathan Butler-Oyedeji,€100k
Jessic Ngankam,€1.50m
Arana,€13.00m
İrfan Can Eğribayat,€1.00m
Nathanael Ogbeta,€350k
İlker Karakaş,€225k
Manuel Feil,€450k
Nicolás Fernández,-
Yann Sommer,€4.00m
Elvis Kabashi,€250k
Jaidon Anthony,€6.00m
Daniel Hanslik,€800k
Joël Drommel,€2.00m
Lawrence Ofori,€2.00m
Nicolas Haas,€700k
Aksel Aktaş,€50k
Miguel Acosta,-
Carlos Terán,€2.00m
Mads Juel Andersen,€3.00m
Olivier Ntcham,€3.00m
Alexander Bah,€14.00m
Endrick,€60.00m
Yehvann Diouf,€9.00m
Aron Dønnum,€4.00m
Franco Bechtholdt,€400k
Amine Adli,€22.00m
Mohammed Al Baqawi,Not Found
Lorenzo Moretti,€300k
Can Keleş,€2.00m
Ian Mackay,-
Cengiz Ünder,€7.50m
Luca Sonzogni,€150k
Joe Rothwell,€2.20m
Michal Kukucka,-
Lucas Sanabria,€3.00m
Saël Kumbedi,€4.00m
Jak Alnwick,€500k
Andreas Voglsammer,€500k
Dante Vanzeir,€4.00m
Mert Günok,€1.20m
Pelly-Ruddock Mpanzu,€1.50m
Lukas Daschner,€1.20m
Eliezer Mayenda,€1.00m
Konan N'Dri,Not Found
Gabriel Compagnucci,€250k
Juan Iglesias,€2.80m
Jean-Kévin Duverne,€3.00m
Axel Werner,€400k
Antonio Ceza,-
Matt Freese,€600k
Benito Raman,€1.30m
César Rigamonti,€100k
Stefano Girelli,€350k
Corentin Tolisso,€7.00m
Álvaro Sanz,€800k
Noah Ohio,€3.00m
Stelios Andreou,€3.00m
Yannick Thoelen,€200k
Andreas Ludwig,€125k
Erik Thommy,€2.00m
Simão Bertelli,€300k
Sean McLoughlin,€1.50m
Boulaye Dia,€15.00m
Andrés Mosquera,€450k
Carlos Martín,-
Gaëtan Poussin,€1.00m
Agon Elezi,€600k
Mamadou Diakhon,€1.50m
Nikolay Obolskiy,€500k
Caio Henrique,€18.00m
Elvis Patta,€275k
Tristan Gooijer,€2.00m
David Jurásek,€7.00m
Ezequiel Cerutti,€200k
Khaled Al Subaie,Not Found
Rubén Darío Ríos,€450k
Max Geschwill,€1.50m
Fabian de Keijzer,€1.00m
Matteo Brunori,€3.50m
Boubacar Kamara,€38.00m
Luciano Acosta,€8.00m
Claudio González,-
Junior Tchamadeu,€800k
De La Fuente,€250k
Rodrigo Bogarín,€650k
Rúben Neves,€28.00m
Riqui Puig,€20.00m
Gonzalo Villar,€3.00m
David Schnegg,€1.20m
Anass Salah-Eddine,€5.00m
Julien Duranville,€8.50m
Lewis Schouten,€600k
Liam Kitching,€3.80m
Jaume,€200k
Isma Ruiz,€300k
Ibrahim Mahnashi,€450k
Omar El Hilali,€3.00m
David Neres,€28.00m
Eugene Ansah,€500k
Cantero,€250k
Mario Engels,€600k
Stefan Bajic,€800k
Firas Al Birekan,Not Found
Alejandro Santander,€75k
Kalvin Phillips,€20.00m
Strahinja Pavlović,€17.00m
Fodé Ballo-Touré,€1.50m
Kwadwo Baah,€300k
Oğuz Aydın,€6.00m
Ignacio Pintos,€350k
Naif Hazazi,Not Found
Mauro Vigorito,€150k
Ibe Hautekiet,€1.50m
Martin Šviderský,€200k
Pierre Kalulu,€26.00m
Manuel Riemann,€300k
Jerome Opoku,€2.90m
Kenneth Paal,€2.80m
Éder Militão,€60.00m
Matija Frigan,€5.00m
Ludovic Ajorque,€4.00m
Dwight McNeil,€25.00m
Gustavo Puerta,€3.00m
Murillo,€50.00m
Tahir Reid-Brown,€75k
Thilo Kehrer,€15.00m
Eric Pérez,€50k
Abdessamad Ezzalzouli,€12.00m
Bright Akwo Arrey-Mbi,€6.00m
Miguel Cardoso,€2.20m
Rafa Marín,€9.00m
Edimilson Fernandes,€3.50m
Emirhan Topçu,€5.00m
Nathan Wood,-
Cristian Blanco,-
Iván Flores,€1.30m
Olivier Deman,€3.00m
Jannik Dehm,€900k
Abderrazak Hamdallah,€2.00m
Lawson Sunderland,€150k
Wilson Quiñónez,-
Martin Wasinski,€450k
Kai Yearn,€50k
Harvey Cartwright,€200k
Dani Raba,€2.20m
Fabian Rieder,€10.00m
Marlon Ritter,€850k
Saidt Mustafá,€125k
Marcelo Weigandt,€2.00m
Vicente Taborda,€1.50m
Billal Brahimi,€2.50m
Wálter Chavez,€700k
Marco D'Alessandro,€300k
Henry Kessler,€2.50m
David Martínez,€1.50m
Alexander Nollenberger,€600k
Ajdin Hrustić,€400k
Lluís López,€500k
Darren Robinson,€100k
Álex Fernández,€1.00m
Mohammed Tolba,€200k
Saulo Guerra,€225k
Hamza Choudhury,€4.50m
Nordin Bakker,€700k
Jordan Williams,€1.00m
Bilal Yalçınkaya,-
André Luiz,-
Daniel Lino,€375k
Tim Handwerker,€1.00m
Fabio Ponsi,€600k
Mahmoud Bentayg,€400k
Manu Morlanes,€2.50m
Ricardo Horta,€12.00m
Ryan Raposo,€1.50m
Nuno Moreira,€1.50m
Bruno Fernandes,€55.00m
Kike Barja,€2.00m
Nicolás Tripichio,€1.50m
Justin Hoogma,€650k
Yusuf Erdoğan,€500k
Daniele Mignanelli,€350k
Oğulcan Ülgün,€1.00m
Sebastian Kowalczyk,€1.20m
Timon Wellenreuther,€6.00m
João Tomé,€700k
Adrion Pajaziti,€150k
Vanja Milinković-Savić,€8.00m
Reda Belahyane,€10.00m
Funsho Bamgboye,€700k
Yannic Stein,-
Jarrod Bowen,€45.00m
Iliman Ndiaye,€18.00m
Wouter Burger,€4.50m
Ziyad Al Johani,Not Found
Martín Pérez Guedes,€450k
Raphael Obermair,€1.50m
Neco Williams,€17.00m
Eldor Shomurodov,€4.00m
Abdou Harroui,€2.50m
Kyle Duncan,€1.20m
Gorosabel,€5.00m
Leonardo Saldaña,€250k
Dioni,-
Killian Corredor,€1.80m
Mohamed Salah,€55.00m
Leonidas Stergiou,€5.00m
Alex Redolfi,€400k
Kiki Silva,€300k
João Figueiredo,€2.30m
Alan Ledesma,€50k
Samuel Umtiti,€2.00m
Dylan Gorosito,-
Moussa Sissoko,€1.00m
Yvandro Borges Sanches,€500k
Loïs Openda,€60.00m
Craig Dawson,€2.00m
John Ruddy,€200k
Arif Kocaman,€1.50m
Latasa,€2.80m
Matt Crooks,€1.50m
Peter,-
Sondre Tronstad,€2.00m
William Cuesta,€250k
Marko Pajač,€250k
Gabriel Báez,€1.30m
Ermin Bičakčić,€400k
Pierre Dwomoh,€2.50m
Zakaria Hawsawi,€275k
Benjamin White,€55.00m
Gabriel Gudmundsson,€7.00m
Augustus Kargbo,€800k
Nicolás Castillo,€150k
Rubén Bentancourt,€600k
Néstor Giménez,€1.50m
Benjamín Berríos,€1.00m
Yves Bissouma,€35.00m
Jonathan Dean,€450k
Emre Kılınç,€1.70m
Rakan Al Najjar,Not Found
Jan Paul van Hecke,€32.00m
Mathis Lachuer,€600k
Simon Zoller,€300k
Marc Jurado,€150k
Dylan Escobar,€750k
Philippe Sandler,€2.50m
Marcos Machuca,€200k
Ilias Sebaoui,€1.50m
Pierangelo Pagnano,€100k
Guilherme Schettine,€700k
Zineddine Belaïd,€1.40m
Javi Martínez,€1.00m
Raffaele Di Gennaro,€300k
Mario Lemina,€9.00m
Jozhua Vertrouwd,€300k
Cristian Medina,€12.00m
André Franco,€2.50m
Rafea Al Ruwaili,Not Found
Salvatore Burrai,€300k
Aceves,€800k
Pablo Vaca,-
Baldomero Perlaza,€450k
Josue Kongolo,€1.00m
Matías Fracchia,€400k
Rafik Guitane,€5.00m
Egiluz,€200k
Kyriani Sabbe,€4.50m
Adrián Ugarriza,€275k
Sebastián Sáez,€25k
Lazo,€8.00m
Salim Ben Seghir,€400k
Alexander Nübel,€12.00m
Godfried Roemeratoe,€600k
André Sousa,€900k
Christopher McVey,€600k
Jefre Vargas,€225k
Soberón,€1.00m
Salem M'Bakata,€550k
Butzke,€300k
Ilyas Ansah,€2.00m
Harry Winks,€12.00m
Sebastian Jung,€300k
Lennard Maloney,€5.00m
Borna Barišić,€1.80m
Mateo Peralta,€600k
Saba Sazonov,€2.50m
Abdulaziz Al Ouwiradi,Not Found
Renzo Machado,€1.20m
Luciano Boggio,€1.30m
Niko Gießelmann,€400k
Thom van Bergen,€1.00m
Uğurcan Çakır,€8.00m
Lewis Richardson,-
Burak Kapacak,€200k
Darijo Grujčić,€250k
Ferro,€800k
Gonzalo Crettaz,€700k
Matvey Safonov,€22.00m
Chrislain Matsima,€7.00m
Ömer Beyaz,€450k
Pierre Bellolio,€125k
Bilal Boutobba,€1.30m
Taichi Fukui,€1.50m
Rúben Lima,€100k
Alassan,€6.00m
Patrick Roberts,€3.20m
Guillaume Restes,€18.00m
Giorgos Kyriakopoulos,€3.50m
Jordy Caicedo,€2.00m
Francesco Acerbi,€3.00m
Dante,€500k
William Saliba,€80.00m
Lloyd Kelly,€18.00m
Mohammed Al Shanqeeti,Not Found
Joaquín Pereyra,€2.50m
Alexander Hernández,-
Andrea Favilli,€300k
Leon Bailey,€38.00m
Jon Gallagher,€2.50m
Daniel Boloca,€6.00m
Mateusz Klich,€1.00m
Saborit,€400k
Melih Kabasakal,€600k
Ali Ahmed,€1.30m
Bryce Duke,€2.50m
Fawaz Al Qarni,Not Found
Nathan,€2.50m
Jelle Bataille,€3.00m
Regan Slater,€3.50m
Luciano Lollo,€75k
M'Bala Nzola,€8.00m
Carel Eiting,€1.60m
Jasper Schendelaar,€1.80m
Pietro Pellegri,€3.00m
Florent Mollet,€1.50m
Benjamin Tahirović,€3.50m
Bautista Merlini,€500k
Steffen Tigges,€700k
Sebastián Boselli,€3.00m
Cristián Suárez,€50k
Benoît Badiashile,€28.00m
Bright Gyamfi,€300k
Jason Denayer,€2.50m
Oumar Diakité,€9.00m
Tjark Scheller,€1.00m
Jean-Mattéo Bahoya,€7.50m
Pietro Ceccaroni,€1.40m
Fabio Ferraro,€600k
Kian Taylor,-
Jonathan David,€45.00m
Danny McNamara,€2.00m
Masaya Okugawa,€900k
Tajon Buchanan,€8.00m
Alan Pulido,€1.50m
Artur Jorge,€400k
Olivier Kemen,€2.20m
Melle Joop Witteveen,€50k
Maximiliano Salas,€3.00m
Benedikt Bauer,-
Igor,€22.00m
Bigas,€500k
Óscar Aranda,€3.00m
Brian White,€3.50m
Matthijs de Ligt,€45.00m
Tomeu Nadal,€200k
Andy Irving,€5.00m
George Honeyman,€900k
Théo Fonseca,€450k
Agustín Sant'Anna,€2.70m
Luis Binks,€2.20m
Carlitos Rodriguez,€350k
Dani Ojeda,€1.20m
Adrián Ramos,€50k
Lucas Lemos,€500k
Djiby Seck,€150k
Manuel Braun,-
Florian Wirtz,€140.00m
Joe Taylor,-
Tiago Tomás,€37.00m
Ramiro Funes Mori,€200k
Alberto Jiménez,-
Alfred Canales,€500k
Gavin Bazunu,€14.00m
Kai Wagner,€5.00m
Matti Peltola,€800k
Daniel Chacón,€200k
Alessandro Berardi,€50k
Lucas Pirard,€300k
Sultan Al Harbi,Not Found
Olaf Kobacki,€550k
Nahitan Nández,€4.50m
Gabriel Martinelli,€55.00m
Abdoul Kader Ouattara,€900k
Florian Niederlechner,€500k
Jordan Ferri,€3.50m
Albert-Nicolas Lottin,€200k
Lassi Lappalainen,€1.00m
Mahdi Camara,€10.00m
Jeremy Ngakia,€1.50m
Roberto Luzárraga,€150k
Linton Maina,€3.00m
Luca Mazzitelli,€2.00m
Patrick Cutrone,€7.00m
Oscar Luigi Fraulo,€3.50m
Gabri Veiga,€23.00m
Bermejo,-
Abdulrahman Al Safri,Not Found
Amahl Pellegrino,€600k
Florian Neuhaus,€3.50m
Ayanda Sishuba,€2.00m
Juan Pérez,€125k
Javi Rodríguez,€3.00m
Abdulrahman Al Obud,Not Found
Kerwin Vargas,€2.50m
Nordine Kandil,€1.00m
Yann Karamoh,€1.80m
Lorenzo De Silvestri,€400k
Marcus Tavernier,€20.00m
Ezequiel Ponce,€7.00m
Joaquín Correa,€3.00m
Miguel Pinto,€25k
Dario Župarić,€1.20m
Guy-Marcelin Kilama,€1.50m
Josip Juranović,€6.00m
Marc-André ter Stegen,€20.00m
Emanuel Dall'Aglio,-
Rodrigo Contreras,€1.50m
Saúl,€5.00m
Oriol Busquets,€300k
Jack Taylor,€3.00m
Senne Lammens,€4.50m
Francisco Meixedo,€300k
Jadan Raymond,-
Thiago Rodrigues,€200k
Hugo Sotelo,€2.50m
Federico Ricca,€1.50m
Paul Akouokou,€800k
Timo Jansink,€25k
Zak Johnson,€50k
Sem Steijn,€10.00m
Tom Glover,€800k
Malik Batmaz,€650k
Birkir Bjarnason,€300k
Pavel Bucha,€2.50m
Pablo Aguilar,€25k
Carl Johansson,€700k
Abdulkadir Parmak,€175k
Emil Højlund,€500k
Lucas Lima,€550k
Saba Lobjanidze,€4.00m
Leopold Wurm,€600k
Arribas,-
Dayne St. Clair,€2.00m
Manuel Sulbarán,€175k
Marc Martínez,-
Giorgos Koutsias,Not Found
Wesley Saïd,€3.50m
Gojko Cimirot,€1.00m
Mamadou Fall,€850k
Steve Mandanda,€700k
Gerardo Padrón,€350k
Léo Duarte,€3.00m
Jair Amador,€200k
Michael Brouwer,€500k
Phil Harres,€1.50m
Lukáš Hrádecký,€2.00m
Iván Romero,-
Nils De Wilde,€600k
Declan Rice,€110.00m
Harry Boyes,€325k
Lennart Stoll,€250k
Ema Twumasi,€1.00m
Florian Miguel,€1.00m
Manuel Lanzini,€1.80m
Pastor,-
Givairo Read,€4.00m
Vicente Emanuel Torres,Not Found
Nehuén Pérez,€13.00m
Laureano Martínez,-
Brendan Hines-Ike,€800k
Caoimhin Kelleher,€22.00m
Freddy Flórez,€100k
Rhys Norrington-Davies,€2.50m
Vetle Dragsnes,€1.00m
James Abankwah,€800k
Ali Lajami,€750k
Rayan Raveloson,€2.00m
Higinio,-
César Benítez,-
Andi Zeqiri,€4.00m
Diego Oyarzún,€400k
Marco Pérez,€200k
Mees Hoedemakers,€2.00m
Alexander Djiku,€8.50m
Matt Clarke,€2.50m
Ayase Ueda,€8.00m
Mallki Marmanillo,€25k
Alfie Taylor,-
Mads Kikkenborg,€600k
Jackson Ragen,€3.00m
Stephan El Shaarawy,€5.00m
Simone Verdi,€2.00m
Edgar Benítez,€25k
Saleh Al Amri,Not Found
Bebé,-
Dário Essugo,€3.50m
Pep Biel,€3.00m
Alan Di Pippa,€175k
Stredair Appuah,€1.20m
Edin Višća,€1.80m
Collado,€150k
Rodrigo Amaral,€400k
Wilfried Kanga,€4.00m
Jacob Ondrejka,€7.00m
Santiago Quirós,€1.30m
Gabriel Rojas,€3.00m
Brian Romero,€1.30m
Semir Telalovic,€700k
András Schäfer,€5.00m
Alberto Marí,€1.50m
Kazeem Olaigbe,€1.80m
Patryk Peda,€400k
Matías Mansilla,€3.50m
Leif Davis,€25.00m
Marc-Francois Enoumba,Not Found
Raúl Becerra,€100k
Hong Hyeon Seok,Not Found
Valentín Carboni,€12.00m
Luca Vido,€500k
Arno Verschueren,€2.00m
Ufuk Akyol,€850k
Santiago Solari,-
Aaron Ramsdale,€20.00m
Ivor Pandur,€2.00m
Jack McGlynn,€4.50m
Andrea Fulignati,€1.40m
Alessandro Arena,€900k
Benjamin André,€6.00m
Perr Schuurs,€15.00m
Marcos Martinich,€125k
Kalidou Koulibaly,€8.00m
Milos Kerkez,€28.00m
Phil Neumann,€3.00m
Jordan Clark,€1.00m
Azpilicueta,€2.00m
Andy Fisher,€900k
Ali Şaşal Vural,€175k
Giuseppe Caso,€1.00m
Joe Rankin-Costello,€1.50m
Calvin Stengs,€12.00m
Marko Ivezić,€2.50m
Youri Tielemans,€30.00m
Harry Leonard,€1.00m
Julio César Enciso,€22.00m
Carlos Nieto,€400k
Gian Marco Crespi,€50k
Amine Harit,€15.00m
Tim Rossmann,€1.00m
Sergi Cardona,€7.00m
Renzo Orihuela,€800k
Ethan Pinnock,€8.00m
Ersin Destanoğlu,€2.00m
David Simão,€200k
Cole Jensen,€75k
Anthony Losilla,€500k
Diego Armas,€200k
Miguel Ángel Merentiel,€7.00m
Gautier Larsonneur,€3.50m
Denis Pfaffenrot,€300k
Robin Lod,€2.00m
Marco Pompetti,€750k
Griffin Yow,€3.50m
Marcel Halstenberg,€1.50m
Álex Remiro,€25.00m
Andy,€25.00m
Carlos Espí,-
Janni Serra,€600k
Nicolás Arévalo,€200k
Bruno Zuculini,€700k
Víctor García,€200k
Momodou Lamin Sonko,€4.00m
Jan Van den Bergh,€700k
Tom Barlow,€400k
Marcos Portillo,€2.50m
Edwin Velasco,€250k
Yerson Mosquera,€8.00m
Luca Everink,€250k
João Pedro,€18.00m
Nicolas-Bernd Oliveira,€300k
Adam Masina,€1.50m
Théo Defourny,€400k
Erik Ahlstrand,€700k
Eray Korkmaz,€275k
Nick Lima,€1.50m
Deian Sorescu,€2.00m
Telasco Segovia,€1.00m
Carlos Esparragoza,€350k
Dominik Schad,€250k
Gianluigi Donnarumma,€35.00m
Diego Rico,€1.50m
Han-Noah Massengo,€3.00m
Noah Okafor,€15.00m
Maxence Caqueret,€15.00m
Jamie Bynoe-Gittens,€50.00m
Onurcan Piri,€200k
Mory Konaté,€600k
Alex Rangel,€1.50m
Ender Echenique,€500k
José Alipaz,€250k
Michael Mieles,€100k
Sebastien Ibeagha,€400k
Gui Guedes,€600k
Pedro Galindo,€400k
Gökdeniz Bayrakdar,€2.20m
Alemão,-
Isco,€8.00m
Karim Benzema,€8.00m
Arnau Rafús,€150k
Alan Rodríguez,€1.20m
Tobe Leysen,€3.50m
Javi Llabrés,€700k
Aléxandros Katránis,€1.00m
Fran Pereira,-
Maximiliano Silvera,€2.00m
Pablo Cuñat,€800k
Adrien Tameze,€3.50m
Kenneth Aboh,-
Sydie Peck,€200k
Warmed Omari,€6.00m
Daniel,€12.00m
Gustavo Sá,€10.00m
Julian Rijkhoff,€1.00m
Noam Emeran,€200k
Daniele Padelli,€150k
Jacen Russell-Rowe,€2.50m
Sergio Córdova,€1.50m
Mateo Antoni,€1.00m
Luey Giles,-
Kristian Pedersen,€800k
Yáser Asprilla,€18.00m
Umut Tohumcu,€7.00m
Nathan Opoku,€800k
Macaulay Langstaff,€700k
Paul Jaeckel,€1.50m
Ángel Zamudio,€450k
Anthony Valencia,€1.20m
Derrick Köhn,€6.00m
Guillaume François,€150k
Walid Cheddira,€6.00m
Raúl Albiol,€1.50m
David González,€4.00m
Rominigue Kouamé,€2.00m
Lorenzo Insigne,€3.00m
Idris El Mizouni,€450k
Jacob Murphy,€14.00m
Moussa Dembélé,€9.00m
Jetro Willems,€400k
Alvas Powell,€500k
Robert Hernández,€275k
Ryan Sanusi,€500k
Francesco Gelli,€750k
Seko Fofana,€12.00m
Iván Calero,€900k
Ousmane Sylla,-
Tomer Haran,-
Leo Román,€1.80m
Bilal Hussein,€400k
Dany Mota,€5.00m
Leo Sauer,€5.00m
Juan Salcedo,€150k
Antonino La Gumina,€400k
Dylan Oyarzún,€100k
Tim Krul,€500k
Joshué Quiñonez,€150k
Warleson,€4.00m
Raphael Kofler,€800k
Mitchell Weiser,€5.00m
Milton Giménez,€3.50m
Jaden Slory,€600k
Scott McKenna,€9.00m
Dennis Gjengaar,€1.20m
Youssuf Sylla,€700k
Agustín Sández,€1.50m
Petar Musa,€7.00m
Florent Hadergjonaj,€1.60m
Mohamed Berte,€1.00m
Conor Shaughnessy,€800k
Robert Lewandowski,€15.00m
Leandro Bacuna,€350k
Iver Fossum,€500k
Kaj de Rooij,€350k
Tomás Alarcón,€600k
Carlos Izquierdoz,€700k
Mirko Pigliacelli,€500k
Lasse Günther,€1.50m
Hugo Magnetti,€7.00m
Nick Shinton,€700k
Fahad Al Jumayah,Not Found
Hussain Al Eissa,Not Found
Michael Ihiekwe,€300k
Melvin Bard,€12.00m
Alama Bayo,€300k
Khaled Al Kaabi,Not Found
Jhohan Gutiérrez,€125k
Colby Bishop,€700k
Aljoša Vasić,€1.00m
Oliver Arblaster,€450k
Alex Murphy,€250k
Kobbie Mainoo,€55.00m
Zinedine Ferhat,€1.20m
Idrissa Touré,€2.80m
Tomané,€200k
Emre Uzun,€900k
Sven Ulreich,€500k
Sebastian Schonlau,€1.00m
Jhojan Valencia,€1.00m
Tristan Muyumba,€1.20m
Filimon Gerezgiher,€400k
Hasan Ali Kaldırım,€100k
Andreas Maxsø,€1.80m
Nicolás Zalazar,€350k
Rubert Quijada,€150k
Simone Romagnoli,€500k
Finn Dahmen,€2.50m
Daniel Ríos,-
Ron-Thorben Hoffmann,€600k
Paddy McNair,€3.50m
Jacobo,€200k
Pablo Fornals,€14.00m
Leandro Díaz,€600k
Darwin Machís,€1.50m
Adam Webster,€12.00m
Lucas Chávez,€375k
Tomás Händel,€13.00m
Agustín Alcaraz,€300k
Francesco Lo Celso,€100k
Kevin Silva,-
Nikolas Sattlberger,€4.00m
Mohamed Bouldini,€1.20m
Massimo Bruno,€400k
Pepê,€9.00m
Jean Baptiste Gorby,Not Found
Filippo Pittarello,€400k
Joël Piroe,€14.00m
Jordan Zemura,€5.00m
Carl Klaus,€350k
Nikola Sekulov,€800k
Loide Augusto,€1.50m
Jesús Navas,€2.50m
Marcos Senesi,€24.00m
Alan Aguerre,€200k
Emre Akbaba,€1.00m
Robin Mantel,€50k
Devante Cole,€800k
Jofre,€2.50m
Leandro Maygua,€125k
Carlos Bacca,€200k
Lorenz Assignon,€9.00m
Khaled Al Samiri,Not Found
Nahki Wells,€400k
Daniel Steres,€250k
Bryan Reynolds,€3.50m
Carlos Robles,-
Vasilios Barkas,€3.00m
Pablo Laredo,€125k
Shea Connor,-
Samuel Iling-Junior,€11.00m
Ramón Sosa,€13.00m
Ertuğrul Ersoy,€600k
Rasmus Nicolaisen,€5.00m
Victor Osimhen,€75.00m
Ryan Porteous,€3.00m
Anderson Arroyo,€800k
Jim Allevinah,€1.80m
Juan Camilo Portilla,€3.50m
George Ilenikhena,€15.00m
Sam Parker,€50k
Lawrence Ennali,€3.00m
Darwin Núñez,€65.00m
Fabrizio Brignani,€700k
Louie Marsh,€100k
Iván Franco,€2.00m
Nelson Weiper,€4.00m
Ramzi Solan,€200k
André-Franck Zambo Anguissa,Not Found
David Alaba,€15.00m
Victor Wanyama,€800k
Brayan Vera,€1.50m
Martín Prost,-
Omar Richards,€2.50m
Ignacio Tapia,€300k
Lars Unnerstall,€3.00m
Nayef Aguerd,€35.00m
Ömer Ali Şahiner,€400k
Oğuzhan Matur,€125k
Emmanuel Sabbi,€2.00m
Péter Szappanos,€450k
Iker Bravo,€1.50m
Hamza Haoudi,€150k
Preston Judd,€400k
Ruan,€5.00m
Jan Thielmann,€4.00m
Adam Smith,€1.00m
Nikolai Laursen,€700k
Luis González,-
Pedro De la Vega,€6.00m
José Río,€200k
Nathan Ngoy,€3.50m
Ricardinho,-
Raúl Olivares,€50k
Mario Götze,€5.00m
Denis Bouanga,€10.00m
Luis de la Cruz,€75k
Ian Poveda,€900k
Joe Wildsmith,€500k
Budu Zivzivadze,€1.80m
Ronal Huaccha,€350k
Caleb Roberts,€100k
Faride Alidou,€2.00m
Luciano Cosentino,€450k
Riccardo Marchizza,€1.50m
Jeroen Houwen,€300k
Mohammed Al Fatil,Not Found
Shogo Taniguchi,€1.20m
Kamal Sowah,€1.00m
Howell Mena,€450k
Djevencio van der Kust,€750k
Clemente Montes,€550k
Rodrigo Chagas,-
Ilija Vukotić,€600k
Jed Wallace,€3.00m
Maicol León,€150k
Marcus Harness,€800k
Donyell Malen,€28.00m
Nikola Stojiljković,€200k
Show,-
Cristian Franco,€700k
Omar Sadik,€300k
Chris Bedia,€2.50m
Mergim Berisha,€7.00m
Marcel Tisserand,€1.80m
Nick Firmino,€200k
Gustavo Hamer,€15.00m
Gautier Lloris,€3.00m
Kevin Bonifazi,€1.00m
Santiago Arzamendia,€1.20m
Luke McNally,€3.20m
Roberto León,-
Rome-Jayden Owusu-Oduro,Not Found
Kerim Alıcı,€200k
Mohammed Fuseini,€3.00m
Jack Stephens,€2.00m
Juan José Mera,€300k
Salis Abdul Samed,€8.00m
Kian Best,€500k
Mark Uth,€350k
Jeffrey Schlupp,€6.00m
Luca Raimund,€500k
Sadio Mané,€9.00m
Arambarri,€5.00m
Chico Lamba,€1.50m
Kaide Gordon,€1.20m
David Hrncar,€800k
Luca Maniero,€300k
Tiago Caballero,€750k
Keke Topp,€4.00m
Braian Ojeda,€4.00m
Ezgjan Alioski,€1.70m
Eldin Dzogovic,€100k
Ralf Fährmann,€200k
Markus Schubert,€500k
Jefersson Martínez,€350k
Nicolás Linares,€700k
Gianluca Saro,€400k
Benjamín Gazzolo,€800k
Lautaro Di Lollo,€1.00m
Alberto Gerbo,€100k
Josue Vargas,€50k
Brian Ocampo,€1.00m
Jesús Sagredo,€350k
Carvajal,€12.00m
Harry Cornick,€1.20m
Bruno Onyemaechi,€3.00m
Ruben Roosken,€600k
Nawaf Al Aqidi,Not Found
Franco Israel,€7.00m
Rubén Pulido,-
Jonathan Galván,€350k
Nicolás Otamendi,€1.00m
Nelson Hernández,€275k
Aitor Ruibal,€3.50m
Kornelius N. Hansen,Not Found
Mario Šitum,€350k
Keinan Davis,€4.00m
Myrto Uzuni,€5.00m
Augusto Batalla,€5.00m
Tyler Morton,€8.00m
Edoardo Borrelli,€50k
Dominic Solanke,€45.00m
Jonathan Panzo,€1.20m
Luis Armando Castro,€400k
Brooks Lennon,€2.50m
Agustín Alaniz,€650k
Joan López,-
Désiré Doué,€40.00m
Morten Thorsby,€3.00m
Robert Garcés,€150k
Will Jarvis,€300k
Diogo Dias,-
Rubén Alcaraz,€900k
Mostafa Mohamed,€6.00m
Aymeric Laporte,€18.00m
Gastón Hernández,€3.80m
Rareș Ilie,€1.50m
Richard,€1.00m
Will Sands,€200k
Christopher Trimmel,€600k
Miguel Crespo,€3.50m
Devis Vásquez,€4.00m
Liam Henderson,€1.40m
Nicolás Cabral,€275k
Abdullah Al Hafith,Not Found
Luke Brennan,-
Raheem Edwards,€800k
Franck Yannick Kessié,€15.00m
Jomaine Consbruch,€700k
Sami Al Najai,Not Found
Axel Witsel,€3.50m
Raúl García,-
Isaac Moore,-
Turki Al Ammar,Not Found
Josh Ginnelly,€800k
Adrián Arregui,€450k
Jarne Steuckers,€8.00m
Jannik Mause,€600k
Karol Fila,€600k
Adam Dźwigała,€600k
Rayan Philippe,€3.00m
André Onana,€35.00m
Darwin Cuero,€250k
Pubill,€4.00m
Matteo Politano,€10.00m
Pedro Gallese,€800k
Luca Günther,€100k
Tatsuya Itō,€600k
Javier Casas Jr.,€150k
Özkan Yiğiter,€175k
Gabriele Piccinini,€2.50m
Saviour Godwin,€2.20m
Abraham Cabrera,€100k
Mohammed Al Qahtani,Not Found
Taha Şahin,€1.50m
Albert Grønbæk,Not Found
Couhaib Driouech,€5.00m
Desmond Acquah,€300k
Deiver Machado,€3.50m
Leandro Requena,€50k
Mohamed Daramy,€7.00m
João Oliveira,€300k
Wikelman Carmona,€850k
Fatih Aksoy,€1.40m
Amir Murillo,€7.00m
Jesper Karlström,€2.50m
Enzo Tchato,€2.50m
Cristian Graciano,€400k
Rayan Kolli,€200k
Bilal Bafdili,€1.00m
Dejan Galjen,€300k
Iván Gil,€1.00m
Rigoberto Rivas,€1.60m
Christian Burgess,€2.20m
Jairo Concha,€1.00m
Delano Burgzorg,€2.20m
João Ferreira,€5.50m
Lalo Aguilar,€200k
Jonas Martin,€800k
Manu Vallejo,€600k
Joaquín Pombo,€800k
Marco Esteban,€200k
Ibrahima Cissé,€600k
Joel Robles,€600k
Anthony Fontana,€350k
Samuel Dahl,€4.00m
Sherel Floranus,€750k
Layton Love,-
Richard Ledezma,€3.00m
Valentino Quintero,-
Aaron Zehnter,€3.00m
Ronald Vega,€150k
Tommaso D'Orazio,€250k
Simone Canestrelli,€6.00m
Toni Lato,€3.50m
Alessio Romagnoli,€12.00m
Didier Moreno,€500k
Eduard Löwen,€5.00m
Gökhan Sazdağı,€1.00m
Pablo Luján,€150k
Kerem Aktürkoğlu,€25.00m
Amadou Haidara,€20.00m
Aldair Fuentes,€275k
Cenk Özkacar,€2.50m
Joelinton,€40.00m
Jostin Alman,€250k
Ayouba Kosiah,€400k
Bahadır Öztürk,€275k
Paulino,€8.00m
Ryotaro Tsunoda,€550k
Filip Stevanović,€750k
Paolo Alcocer,€225k
Jack Maher,€2.00m
Eddie Salcedo,€1.00m
Billy Crellin,-
Dennis Geiger,€3.00m
Rodrigo Villagra,€5.50m
Răzvan Sava,€2.00m
Alexandre Castro,-
Duke Verduin,€25k
Filipe Ferreira,€300k
Miguel Almirón,€16.00m
Luis Muñoz,€1.00m
Andrea Giorgini,€1.20m
Orlando Gaona Lugo,€75k
Marwane Saadane,€600k
Mateus Fernandes,€15.00m
Tom Bischof,€12.00m
Matías Ibáñez,€50k
Matteo Angeli,€500k
Federico Gattoni,€3.00m
Leonardo Loria,€250k
Ante Erceg,€175k
Kamal Miller,€2.80m
Ozan Tufan,€2.50m
Lautaro Blanco,€3.80m
Dimitrios Nikolaou,€1.60m
Daniel Klein,€150k
Anderson Lucoqui,€250k
Bram Lagae,€1.00m
Przemysław Tytoń,€100k
Keidi Bare,€3.00m
Liam Thompson,-
Curtis Ofori,€150k
Marius Mouandilmadji,€2.90m
Akim Zedadka,€1.50m
Zico Buurmeester,€1.20m
Abdulmalek Al Shammari,Not Found
Angelo Lucena,€400k
Isak Hien,€30.00m
Antonio Gomis,-
Albert Guðmundsson,€28.00m
Bryan Carrasco,€400k
Carlos Domínguez,€3.00m
Joël Schingtienne,€2.00m
Hamza El Dahri,€100k
Adi Nalić,€500k
Theodore Ku-DiPietro,€2.50m
Román Vega,€2.50m
Jan Bekkema,€50k
Ramzi Safuri,€1.30m
Rafael Lubach,€500k
Bartosz Białek,€800k
Sam Field,€3.20m
Aliou Baldé,€650k
Ayoze Pérez,€10.00m
Ramón Vila,-
Luca Herrmann,€400k
Jeremy Bokila,€100k
Pablo Solari,€7.00m
Francisco Facello,€75k
Roger Fernandes,€15.00m
Álex Cardero,€200k
Fermín,€6.00m
Esteban Crucci,€150k
Nicola Pavan,€500k
Chumi,€1.80m
Evert Linthorst,€1.20m
Joakim Mæhle,Not Found
Connor Ogilvie,€275k
Óscar Clemente,€600k
Álex Collado,€2.20m
Lorenzo Dickmann,€1.00m
James Balagizi,€150k
Visar Bekaj,€350k
Gelardo,€300k
Mario García,-
JT Marcinkowski,€300k
Cristhian Loor,€500k
Nicolás Ramírez,-
Cristhian Stuani,€1.80m
Carlos Albarrán,€200k
Augusto Dabó,€300k
Muhammet Ali Özbaskıcı,€300k
Ludwig Augustinsson,€4.00m
Deandre Kerr,€1.20m
Calderón,-
Skelly Alvero,€4.00m
Eric Miller,€400k
Luka Hyryläinen,€1.00m
Lilian Brassier,€10.00m
Oleksandr Svatok,€1.20m
Mathias Normann,€2.80m
Illan Meslier,€18.00m
Dal Varešanović,€2.60m
Bali Mumba,€2.50m
Unai Vencedor,€2.20m
Vladimír Coufal,€7.00m
Diego Rodríguez,€300k
Check Keita,€1.50m
Félix Correia,€3.50m
Jason Knight,€5.00m
Roman Neustädter,€200k
Aljaž Ivačič,€600k
Jon Morcillo,€1.00m
Flavius Daniliuc,€4.00m
Sultan Al Ghannam,Not Found
Mihajlo Ilić,€4.00m
Samuel Chukwueze,€18.00m
Matteo Pessina,€12.00m
Santiago Moreno,€3.50m
Diego Fagundez,€2.50m
Niklas Kölle,€300k
Robert Andrich,€15.00m
António Silva,€38.00m
Edwin Mosquera,€400k
Naouirou Ahamada,€6.00m
Abdullah Abdo,€75k
Arthur Atta,€1.00m
Giulio Maggiore,€2.00m
Ignacio Mesina,€100k
Omar Rekik,€450k
Thomas van den Belt,€1.80m
Alessandro Florenzi,€1.50m
Dennis Chessa,€300k
Lucas Beltrán,€18.00m
Pedro Porro,€45.00m
Álex Morata,€150k
Franck Honorat,€12.00m
Leonardo Sernicola,€2.00m
Guillermo Pacheco,€150k
Salem Al Najdi,Not Found
Isaac Schmidt,€2.20m
Oriol Romeu,€2.00m
Farès Chaïbi,€14.00m
Josha Vagnoman,€12.00m
Haydon Roberts,€700k
Serkan Emrecan Terzi,€275k
Vicente Rodríguez,-
James Ward-Prowse,€16.00m
John Yeboah,€2.50m
Matt Bersano,€100k
Jordan Thorniley,€275k
Leo Hjelde,€1.50m
Philipp Lienhart,€15.00m
Tim Parker,€1.00m
Gabriel Arias,€800k
Mario Sampirisi,€400k
Joel Waterman,€2.50m
Pau Víctor,€5.00m
Ziyad Al Jari,Not Found
Tanguy Ndombele,€10.00m
Diego Alonso Romero,€700k
Iuri Tavares,€1.00m
Manuel Insaurralde,€125k
Serge Gnabry,€35.00m
Alan Saldivia,€2.00m
Bryan Castrillón,€500k
Manolis Siopis,€3.00m
Hugo Benítez,-
Hirving Lozano,€12.00m
Allahyar Sayyadmanesh,€4.00m
Petko Hristov,€900k
Noam Mayoka-Tika,€500k
Jaden Pinas,-
Joshua Wilson-Esbrand,€4.00m
Philipp Müller,-
Santiago Rodríguez,€4.50m
Federico Navarro,€2.00m
Marc Guéhi,€45.00m
Adrian Beck,€2.00m
Giacomo Calò,€750k
Wes Harding,€1.20m
Cedric Teuchert,€3.50m
Zaid Romero,€5.00m
Yiğit Emre Çeltik,€150k
Ron-Robert Zieler,€500k
Liberato Cacace,€2.00m
Logan Costa,€18.00m
Mohammed Al Fehaid,Not Found
José Sagredo,-
Juan David Cabal,€9.00m
Jhon Vásquez,€700k
James Trafford,€18.00m
Aiden O'Neill,€3.00m
Giovani Lo Celso,€20.00m
Jonas Omlin,€4.00m
Lewis Cook,€14.00m
Clint Irwin,€100k
Zian Flemming,€4.20m
Joan González,€2.00m
Konrad Laimer,€25.00m
Youssef En-Nesyri,€22.00m
Lasse Rosenboom,€500k
Cañizares,-
Oliver Dovin,€2.50m
Isaiah Parker,€150k
Villalibre,€2.50m
Emad Fadda,Not Found
Omar Alderete,€5.00m
Frederik Schmahl,€500k
Dylan Portilla,-
Fran García,€15.00m
Matti Wagner,€200k
Peer Koopmeiners,€4.50m
Diego Acosta,€50k
Miguel Cornejo,€275k
Junior Adamu,€6.00m
Saeed Al Hamsal,Not Found
Sidiki Chérif,€1.00m
Iván Vidaurre,€50k
Mahamadou Ba,€300k
Tomás Verón,€1.00m
Jarrad Branthwaite,€42.00m
Federico Ravaglia,€1.00m
Luis Henrique,€15.00m
Nicholas Bonfanti,€2.50m
Abdoulaye Kamara,€1.50m
Ali Majrashi,€550k
Indiana Vassilev,€2.00m
Denso Kasius,€3.00m
Samuel Silvera,€1.20m
Musa Al Tamari,Not Found
Joao Ortiz,€2.20m
Joshua Zirkzee,€42.00m
Nick Olij,€3.50m
Rafael Czichos,€400k
Mo Faal,€225k
Mitchel Bakker,€5.00m
Roque Santa Cruz,€250k
Giacomo Raspadori,€15.00m
Pedro,€1.00m
Alexis Barrionuevo,€10k
Edgar Zaracho,€50k
José Alberti,€500k
Petar Stojanović,€1.00m
Kevin Rolón,€600k
Bart van Rooij,€4.50m
Yehor Yarmoliuk,€12.00m
Jeroen Zoet,€400k
Kingsley Schindler,€850k
Hugo Magallanes,€750k
Adam Karabec,€3.00m
Diego Coppola,€7.50m
Santiago Rollano,-
Tom Cannon,€4.00m
Furkan Soyalp,€600k
Alexandru Crețu,€700k
Fabio González,€500k
Milan Škriniar,€15.00m
Luis Rioja,€4.00m
Jack Panayotou,€200k
Tommaso Milanese,€750k
Zack Farnsworth,€100k
Silvan Hefti,€1.50m
Raúl Lizoain,€300k
Ousmane Diakité,€700k
Luiz Felipe,€8.00m
Ousmane Camara,€4.00m
Levi Smans,€900k
Yevgen Cheberko,€1.20m
Michael Estrada,€1.00m
Kanya Fujimoto,€4.00m
Oumar Diouf,-
Luis Zárate,€1.00m
Cihan Çanak,€3.70m
Alex Sposito,€150k
Santiago Ramos Mingo,€4.00m
Martin Koscelnik,€400k
Ylber Ramadani,€4.00m
Fernando Fonseca,€600k
Jhair Soto,€50k
Julian Ryerson,€20.00m
Florent Hanin,€350k
Jake Rooney,€175k
Fábio Silva,€11.00m
Damián,€25.00m
Leonardo Candellone,€400k
Simone Santoro,€900k
Carl Rushworth,€3.00m
Sanoussy Ba,€400k
Jamie Leweling,€20.00m
Kyle Walker,€10.00m
Gustavo Caballero,€550k
Mark O'Mahony,€300k
Mateo Clemente,-
Edier Ocampo,€1.50m
Antonio Castillo,-
Gabriel Villamíl,€1.00m
Simone Giordano,€1.00m
Javi Pérez,-
Gonzalo Verdú,€100k
Bernardo Vital,€2.50m
Alidu Seidu,€9.00m
Marco Meyerhöfer,€800k
João Mário,€2.80m
Vedat Muriqi,€12.00m
Ahmed Ba Masoud,Not Found
Amidou Doumbouya,€300k
Bruno Gaspar,€800k
Andrés Llinás,€1.40m
Jackson Yueill,€2.00m
Jimmy Martinez,€600k
Jack Colback,€300k
Jake Leake,-
Cristiano Ronaldo,€12.00m
Sebastián Ferreira,€1.50m
Ahmad Benali,€400k
Bertrand Traoré,€9.00m
Geoffry Hairemans,€550k
Sadik Fofana,€500k
Yahya Al Najai,Not Found
Trey Muse,€200k
Zaidu Sanusi,€3.00m
Jacob Widell Zetterström,€2.50m
Tommaso Pobega,€10.00m
Yusuf Özdemir,€2.40m
Iván Román,€1.50m
András Németh,€800k
André Vidigal,€1.50m
Alessandro Schöpf,€800k
Paulo Díaz,€5.50m
Tom Negrel,-
Harvey Barnes,€35.00m
Matt Lendfers,€150k
Bryan Gil,€14.00m
Enes Mahmutovic,€350k
Jude Soonsup-Bell,€200k
Noah Ganaus,€400k
Haitam Abaida El Achhab,Not Found
Tommy Conway,€4.80m
Geoffrey Kondogbia,€8.00m
Adam Kaied,€300k
Finn Jeltsch,€5.00m
Patrick Joosten,€325k
Diogo Gonçalves,€4.00m
Davide Frattesi,€32.00m
Josh Eccles,€7.00m
Filippo Sgarbi,€300k
Johann Lepenant,€7.00m
André Carrillo,€1.20m
Hugo Cuypers,€8.00m
Shane O'Neill,-
Joan Jordán,€3.50m
Henri Koudossou,€800k
Martin Dúbravka,€1.00m
Fredy,-
Axel Disasi,€30.00m
Cole Campbell,€1.50m
Valentin Rosier,€4.00m
Paul Will,-
Darko Brašanac,€1.40m
Jan Vertonghen,€1.00m
Dax McCarty,€100k
Alejandro Urzua,-
Mattia Caldara,€800k
Oliver Christensen,€1.50m
Kylian Mbappé,€180.00m
Álex Pozo,€1.50m
Agustín Farías,€175k
Richard Torales,€300k
Juan Fernando Quintero,€2.50m
Dinis Pinto,€800k
Chema,€250k
D'Alessandro Montenegro,€25k
Josué Sá,€400k
Iván Cuéllar,€100k
Valentín Barco,€10.00m
Dave Kwakman,€1.00m
Giovanni Bonfanti,€2.00m
Barry Bannan,€250k
Carles Gil,€2.80m
Ebenezer Akinsanmiro,€2.00m
Tomáš Kalas,€700k
Žan Rogelj,€500k
Stefan Lainer,€1.80m
Guéla Doué,€8.00m
Claudio Sepúlveda,€250k
Alen Halilović,€1.70m
Rob Nizet,€400k
Abdelhamid Ait Boudlal,-
Andrew Moran,€3.00m
Takuma Asano,€4.00m
Zach Booth,€500k
Francesco Di Mariano,€800k
Mikael Uhre,€4.00m
Patrick Bamford,€4.00m
Nicolás Tagliafico,€7.00m
Stuart Hawkins,€75k
Sebastián Vargas,-
Virgil van Dijk,€28.00m
Nino Adom-Malaki,-
Kevin Mantilla,€1.50m
Tobías Palacio,€4.50m
Villares,€100k
Marcus Holmgren Pedersen,€4.50m
Lúkas Petersson,€150k
Brian Aguirre,€6.00m
Abdulelah Al Malki,Not Found
Alexandre Olliero,€300k
Ryan Gauld,€7.00m
Dimitrios Stamatakis,€200k
Álex Centelles,€1.40m
Abdullah Al Khaibari,Not Found
Felipe Valencia,€300k
Yordi López,€75k
Anton Gaaei,€3.50m
Daniël Virginio Deen,€150k
Ricard,-
Martín Satriano,€7.00m
Santiago Homenchenko,€500k
Diego Hoyos,€200k
Luiz Júnior,€6.00m
Madson,-
Lucas Rosa,€2.00m
Timmy Chandler,€350k
Andrés Herrera,€1.50m
Jack Clarke,€15.00m
Carlos Baleba,€35.00m
Eduardo Quaresma,€14.00m
Marcus Edwards,€15.00m
Vini Jr.,€200.00m
Matthias Ginter,€8.00m
Martín Chiatti,€100k
Francesco Pio Esposito,€10.00m
Unai Marrero,€300k
Leo Coelho,€700k
Ricardo Pepi,€18.00m
Daniel Heber,€750k
Nikola Vlašić,€7.00m
Antonio Čolak,€1.70m
Fabrizio Paghera,€100k
Marvin Loría,€1.00m
Răzvan Marin,€4.00m
Tim Janisch,€200k
Jens Toornstra,€350k
Mohammed Al Rubaie,Not Found
Junior Colina,€275k
Manu Silva,€3.00m
Santiago Simón,€5.50m
Abdulsamet Burak,€100k
Borja Sánchez,€1.00m
Jorge Moreno,-
Samuel Galindo,€200k
Berke Gürbüz,-
Benedikt Saller,€350k
Yannick Bright,€1.00m
Alfon,€5.00m
Kevin De Bruyne,€35.00m
Brenner,€8.00m
Christian Benteke,€2.50m
Isaías Delpupo,€500k
Daniel Herrera,-
Lucas Bartlett,€1.00m
Lucas Tousart,€4.00m
Agustín Manzur,€800k
Richie Sagrado,€2.00m
Almamy Touré,€900k
Nathan Collins,€28.00m
Yan Couto,€25.00m
Luke O'Nien,€1.80m
Júnior Urso,€200k
Camarasa,€700k
Lovro Majer,€20.00m
Yahia Al Shehri,Not Found
Archie Brown,€8.00m
Saber Hraiech,€200k
Juanpe,€1.00m
Farha Al Shamrani,Not Found
Gary Medel,€200k
Marcelo Grohe,€350k
Makhtar Gueye,€2.00m
Yann Bodiger,€600k
Riquelme,-
Rodrygo,€110.00m
Malo Gusto,€35.00m
Douglas Augusto,€6.00m
Emirhan Yiğit,€100k
Shawn Adewoye,€1.60m
Jesús Bernal,€1.00m
Simone Ghidotti,€350k
Rayan Al Bloushi,Not Found
Christian McFarlane,€2.00m
Viktor Tsygankov,€30.00m
Ismaël Bennacer,€14.00m
Wendell,€4.50m
Abu Francis,€1.80m
Raphaël Adicéam,€50k
Lorenzo Libutti,€250k
Pablo Camacho,€75k
Mohammed Naif,€175k
Kenan Karaman,€2.50m
Anatoliy Trubin,€25.00m
Kevin Minda,€1.20m
Iñigo Vicente,€3.00m
Oscar Giménez,€25k
Mateo Joseph,€1.20m
Odysseus Velanas,€650k
Enrico Valentini,€250k
Marvin Seybold,€25k
Carlos Roca,-
Marvin Senaya,€1.80m
Riley McGree,€3.50m
Gonçalo Inácio,€45.00m
Pablo Rosario,€8.00m
San Román,€600k
Andreas Pereira,€20.00m
Edgar Pujol,€200k
Jonathan Tah,€30.00m
Robert Piris Da Motta,€900k
Paul Arano,€225k
Volkan Babacan,€50k
Abdullah Madu,€600k
Danilo Cataldi,€4.00m
Adem Sipić,€75k
Cédric,€40.00m
Jean Falconí,Not Found
Wesley Hoedt,€2.00m
Tim Oermann,€4.00m
Lukas Klostermann,€8.00m
Joe Ralls,€1.20m
Marco John,-
Anthony Gordon,€60.00m
Noah Atubolu,€10.00m
Calvin Twigt,€600k
Nicola Leali,€800k
Marwan Al Sahafi,Not Found
Sattam Al Rouqi,Not Found
Igor Thiago,€25.00m
Tim van de Loo,€350k
Martín Payero,€4.50m
Kiko Femenía,€1.40m
Frank Ronstadt,€550k
Boubacar Traoré,€6.00m
Raphael Odogwu,€400k
João Graça,€300k
Emiliano Viveros,€350k
Andreas Weimann,€900k
Hamad Al Mansour,Not Found
Jordan Teze,€15.00m
Theo Hernández,€50.00m
Arthur Piedfort,€3.20m
Jeremy Dudziak,€750k
Oleksandr Zinchenko,€30.00m
Oussama Targhalline,€3.00m
Kasey McAteer,€900k
Jack Stacey,€2.80m
Juan José Orellana,-
Neil El Aynaoui,€8.00m
Alexandr Golovin,Not Found
Luca Lipani,€3.50m
Kevin Mamani,€300k
Lewis Miley,€22.00m
Isak Hansen-Aarøen,€1.00m
Lukas Schleimer,€750k
Crysencio Summerville,€22.00m
Facundo Agustín Cáseres,€1.00m
Michael Gregoritsch,€6.00m
Abdelkader Bedrane,€550k
Dembo Sylla,€500k
Facundo Altamirano,€1.50m
Mario Pašalić,€13.00m
Leonardo Arana,€100k
Marin Pongračić,€10.00m
Jayden Braaf,€800k
Marco Brescianini,€8.00m
Giacomo Bonaventura,€2.50m
Sergio Herrera,€6.00m
Łukasz Poręba,€1.00m
Sergio Romero,€300k
Ellyes Skhiri,€9.00m
Maximilian Breunig,€2.00m
Danny Ings,€7.00m
Ondrej Duda,€4.00m
Odysseas Vlachodimos,€7.00m
Kurt Zouma,€12.00m
Joaquín Fernández,€3.00m
Dimitris Giannoulis,€2.80m
Pedro Moreira,€550k
Montell Ndikom,€200k
Kevin Lasagna,€900k
Jeremías Conan Ledesma,€4.50m
Noah Weißhaupt,€3.50m
Forster Ajago,€150k
Nacho Monsalve,€200k
Jorge Henríquez,-
Matías Hernandez,-
Quinn Sullivan,€4.50m
José Aamet Calderón,Not Found
Viktor Djukanović,€3.50m
Juan Ramírez,-
Caleb Okoli,€12.00m
Jorge Teixeira,€50k
Mihailo Ristić,€1.00m
Joan Femenías,€500k
Jurriën Timber,€45.00m
Justin Devenny,€150k
Sayfallah Ltaief,€2.00m
Chadi Riad,€15.00m
Alexander Domínguez,€100k
Houssem Aouar,€9.00m
Mateusz Lis,€1.80m
Nicholas Opoku,€1.30m
Adam Mayor,€350k
Serge Ngoma,€500k
Simone Branca,€400k
Duncan Watmore,€900k
Vicente Bernedo,€100k
Bright Osayi-Samuel,€8.00m
Salvador Agra,€300k
Oliver Braude,€2.50m
Ali Abdi,€3.00m
Luca Philipp,€300k
Marcos Cuenca,€200k
Arouna Sangante,€10.00m
Kevin Trapp,€3.00m
Mateu Morey,€800k
Idrissa Gueye,€2.00m
Jonas Meffert,€1.00m
Tomás Molina,€900k
Marcelino Núñez,€5.00m
Lawrence Agyekum,€1.50m
Parfait Guiagon,€2.00m
Ibrahim Alhassan,€225k
Felix Nmecha,€28.00m
Boyd Reith,€650k
Juan Soriano,€1.50m
Jota Silva,€14.00m
Niccolò Chiorra,€300k
Ronaldo Vieira,€400k
Marcus Thuram,€75.00m
Mohammed Al Aqeel,Not Found
Alex Bangura,€1.00m
Ethan Brierley,€200k
André Hoffmann,€650k
Johannes Schenk,€800k
Ismael García,€200k
Jordan Lotomba,€8.00m
Sergio Mendoza,-
Félix,€30.00m
Ryan Manning,€3.50m
Oussama El Azzouzi,€2.00m
Andrei Girotto,€3.50m
Azeem Abdulai,€300k
Caleb Ekuban,€1.50m
Joseph Paintsil,€10.00m
Patrik Hrošovský,€3.00m
Michael Smith,-
Kristijan Kahlina,€2.00m
Andreas Albers,€300k
Etienne Amenyido,€500k
Ilias Takidine,€150k
Antoine Mendy,€3.00m
Campaña,€1.50m
Derek Cornelius,€4.00m
Niccolò Pierozzi,€1.50m
Saldaña,-
Sergio Camello,€4.00m
Paul Riveros,€1.00m
Lewis Holtby,€500k
Jacob Ramsey,€32.00m
Jeremy Sarmiento,€7.00m
Dominic Iorfa,€400k
Ao Tanaka,€4.00m
Diego Stramaccioni,€150k
Anastasios Chatzigiovanis,€1.50m
Sergio,€1.80m
Harry Toffolo,€5.00m
Francisco Conceição,€36.00m
Marco Ribeiro,-
Jonathan Clauss,€6.00m
Ashley Westwood,€500k
Boy Kemper,€750k
Breel Embolo,€12.00m
Jannes Wieckhoff,€375k
Daniel Jebbison,€1.00m
Rodri Mendoza,Not Found
Piero Hincapié,€40.00m
Mario Soriano,€1.80m
Ivo Rodrigues,€1.00m
Ezequiel Piovi,€1.20m
Jorge Damián González,-
Javi López,€7.50m
Reuell Walters,€4.00m
Warren Bondo,€7.00m
Nacho Fernández,€2.50m
Jeremías Lucco,€250k
Palhinha,€40.00m
Jorrit Hendrix,€800k
Dion De Neve,€1.20m
Iza Carcelén,€1.00m
Krisztofer Horváth,€1.20m
Damián García,-
Luca Orellano,€5.00m
Mika Baur,€1.20m
Leandro Barreiro Martins,€15.00m
Vítězslav Jaroš,€5.00m
Simon Joachims,€150k
Fredy Martínez,€200k
Matías Rocha,€500k
Kasey Palmer,€1.00m
Yeremay,€2.00m
Matías Sosa,-
Patrick Nuamah,€500k
John Buckley,€2.20m
Marlon Pack,€300k
Adrián Jusino,€250k
Hany Mukhtar,€7.00m
Romelu Lukaku,€25.00m
Raghid Al Najjar,Not Found
Pedro Gonçalves,€60.00m
Brandon Austin,€600k
Quentin Merlin,€12.00m
Samir Lagsir,€200k
Alberto Grassi,€1.80m
José Manuel Hernández,€100k
Alessio Cragno,€1.00m
Simone Mazzocchi,€500k
Josh Vickers,€250k
Lamare Bogarde,€450k
Ariel Martínez,-
Koji Miyoshi,€1.80m
Víctor Cuellar,€375k
Loïc Williams,€800k
Dylan Borrero,€2.50m
Brian Araújo,€300k
Riechedly Bazoer,€3.50m
William Osula,€7.00m
Vivian,€30.00m
Paxton Pomykal,€3.00m
Arnaud Bodart,€3.00m
Adem Zorgane,€5.00m
Hugo Cunha,-
Danovis Banguero,€300k
Ameen Bukhari,Not Found
Alexis Flips,€1.80m
Diego Píriz,€75k
Marc Roca,€9.00m
Alessandro Gabrielloni,€1.00m
Cameron Archer,€14.00m
Joakim Nilsson,€2.00m
Pierluigi Gollini,€2.50m
Nuno Mendes,€55.00m
Kyan Vaesen,€1.00m
Medon Berisha,€1.00m
Cayarga,€200k
Lucas Andersen,€500k
Timor,€300k
Martín Silva,-
Zak Swanson,€200k
Denis Vavro,€5.00m
Josh Tymon,€3.20m
Tayvon Gray,€2.00m
Toon Raemaekers,€850k
Omar Mohamedhoesein,€50k
Dilan Zúñiga,€750k
Felix Passlack,€2.00m
Marcelo Filla,€300k
João Valido,€200k
Iñaki Williams,€25.00m
Ibrahima Camará,-
Conor Coady,€3.00m
Anan Khalaili,€4.00m
Pedro Brazão,€800k
Hamza El Kaouakibi,€250k
Enzo Le Fée,€18.00m
Eric Smith,€5.00m
Josepmir Ballón,€125k
Samuele Mulattieri,€4.00m
Abdulelah Al Amri,Not Found
Justen Glad,€3.00m
Giorgi Tsitaishvili,€1.00m
Nicolò Barella,€80.00m
Carlos Benavídez,€1.50m
Bamo Meïté,€5.00m
Ricardo Batista,€100k
Jasper Van Oudenhove,€300k
Séamus Coleman,€500k
Marco Saravia,€400k
Adam Beaudry,€200k
Rayan Cherki,€30.00m
Luis Muriel,€1.80m
Diego Polenta,€500k
Daley Blind,€3.00m
Tom Zimmerschied,€600k
Yusuf Kabadayi,€1.50m
Shunsuke Mito,€650k
Mohammed Mahzari,€125k
Melle Meulensteen,€800k
Félix Lemaréchal,€5.00m
Sven Jansen,€50k
Héctor Cuellar,€850k
Mads Roerslev,€12.00m
Christian Günter,€4.00m
Nasser Al Dawsari,Not Found
Erik Schouten,€250k
Massimo Bertagnoli,€700k
Dani Silva,€1.50m
Jack Hinshelwood,€24.00m
Julio Vila,-
Nabil Bentaleb,€8.00m
Alejandro Araque,€250k
Janik Bachmann,€500k
Hevertton,€700k
Soufiane Benjdida,€800k
Fabian Bredlow,€1.00m
Amaar Al Dohaim,Not Found
Leon Robinson,€200k
Diego Churín,€300k
Sais Santibáñez,€125k
Nicolai Remberg,€1.80m
Alessandro Micai,€400k
Cyril Mandouki,€300k
Jorrel Hato,€30.00m
Andreas Geipl,€300k
Emir Kuhinja,€150k
Tiago Esgaio,€900k
Perry Ng,€3.80m
Denis Suárez,€1.50m
Brad Guzan,€100k
Eric Veiga,€200k
Alex Castro,€550k
Luis Pérez,-
Carlos Cuesta,€5.00m
Matteo Ruggeri,€20.00m
David Ayala,€3.00m
Junior Mwanga,€6.00m
Tino Kadewere,€3.00m
Carlos Strandberg,€1.70m
Eduard Sobol,€1.20m
Will Norris,€400k
Ivan Provedel,€14.00m
Sean Zawadzki,€600k
Israel Boatwright,€75k
Kamaldeen Sulemana,€13.00m
Bruno Sávio,€500k
Shaun Hutchinson,€300k
Puertas,€12.00m
Keny Arroyo,€4.00m
Alex Rando,€75k
Nicolás Goitea,€450k
Zavier Gozo,€75k
Niccolò Corrado,€1.00m
Tiago Gouveia,€5.00m
Kaan Ayhan,€4.60m
Aitor Paredes,€22.00m
Mauro Díaz,€250k
Ionuț Andrei Radu,€1.50m
Isaac Babadi,€4.00m
Francisco Bregante,€50k
Mandela Keita,€11.00m
Ben Godfrey,€8.00m
Omar Fernández,€1.00m
Nikita Contini,€400k
Juan Rivero,€50k
Walter Jhonnier Chalá,€500k
Emil Krafth,€2.50m
Tim Leibold,€800k
Sokratis Dioudis,€400k
Ettore Gliozzi,€700k
Przemysław Wiśniewski,€2.00m
Marcus Bettinelli,€800k
Róbert Boženík,€4.00m
Landry Dimata,€2.20m
Jack Grealish,€45.00m
Emrehan Gedikli,€350k
Dominik Janošek,€850k
Alexis Soto,€1.70m
Christian Kühlwetter,€400k
Senne Lynen,€9.00m
Akapo,€600k
Martim Fernandes,€8.00m
Emil Forsberg,€4.50m
Leonel Bontempo,€200k
Cristian Cásseres Jr,€5.00m
Bryan Reyna,€2.50m
Tyrick Mitchell,€25.00m
Campuzano,€1.20m
Ben Bender,€800k
Beni,-
Ibrahima Konaté,€50.00m
Juan Carlos Gauto,€1.50m
Luigi Cherubini,€600k
Pedro Ortiz,€300k
Malick Yalcouyé,€13.00m
Qasem Lajami,€225k
Yuki Ohashi,€1.50m
Leonardo Pavoletti,€700k
Noel Caliskan,€150k
Martín,€100.00m
Marvin Schwäbe,€1.50m
Bruno Romo,€75k
Diego Rossi,€8.00m
Giacomo Ricci,€400k
Henry Onyekuru,€4.00m
Jorg Schreuders,€1.50m
Ibrahim Cissoko,€1.50m
Mykhailo Mudryk,Not Found
Luca Caldirola,€1.00m
Joaquín Torres,€1.00m
Junya Ito,€8.00m
Kenneth Schmidt,€1.50m
David Ruiz,€2.50m
Kevin Gutiérrez,€3.50m
Andrija Novakovich,€500k
Bruninho,€2.50m
Bobby De Cordova-Reid,€5.00m
Christian Walton,€900k
Mohammed Jahfali,€100k
Mathys Niflore,-
Immanuel Pherai,€2.50m
Hans Hateboer,€3.00m
Luis Javier Suárez,€5.00m
Mansour Ouro-Tagba,€350k
Miguel Maga,€1.20m
Ervin Zorrilla,€225k
Luca Langoni,€5.50m
Yeray,€8.00m
Lassana Coulibaly,€2.50m
Mika Godts,€10.00m
Patrick Gamble,-
Antoine Bernier,€1.20m
Adam Maher,€1.50m
Álvaro Quiroga,€400k
Otso Liimatta,€800k
David Brekalo,€3.00m
Brajan Gruda,€25.00m
Nikola Šipčić,€600k
Flavien-Enzo Boyomo,€10.00m
Manolis Saliakas,€2.80m
Rolando Mandragora,€8.00m
Siebe Horemans,€2.50m
Williams Riveros,€500k
Tabaré Viudez,€125k
Jhamir D'Arrigo,€650k
Riccardo Ciervo,€1.00m
Dylan Teves,€300k
Christopher Mamengi,€300k
Tariq Lamptey,€12.00m
Yahia Fofana,€4.50m
Adrian Šemper,€2.70m
Riccardo Sottil,€6.00m
Leon Chiwome,€1.00m
Noah Allen,€1.00m
Erick Gonzáles,€350k
Jahce Tyler Novello,€50k
Luis Cardozo,€50k
Stanley Nsoki,€2.50m
Mathis Suray,€650k
Abdullah Hawsawi,Not Found
Luca de la Torre,€3.00m
Carlos Coronel,€1.50m
Hugo Ángeles,€275k
Chris Richards,€12.00m
Nicolás Figal,€1.80m
Gabriel Paulista,€1.40m
Darío Cáceres,€325k
Marius Marin,€3.00m
Tarek Chahed,€100k
Jasper Löffelsend,€1.20m
Iván Leguizamón,€3.50m
Lucas Zelarayán,€3.50m
Ben Voll,€500k
Patric,-
Nicolò Fagioli,€20.00m
Johan Arath Gómez,Not Found
Tom Bradshaw,€600k
Luca Pellegrini,€3.50m
Elias Cobbaut,€2.70m
Muhammed Cham,€5.50m
Pedro Amaral,€700k
Léo Chú,€3.50m
Rúben Fernandes,€100k
Dimitry Bertaud,€1.20m
Mukhtar Ali,€450k
Mike Hauptmeijer,€75k
Merveille Papela,€600k
Chiki,€200k
Kevin De La Hoz,€300k
Djed Spence,€8.00m
Paul Smyth,-
Anton Stach,€12.00m
Dominic Calvert-Lewin,€22.00m
Álex Bernal,€100k
Gregor Kobel,€40.00m
Miguel Rubio,€1.50m
John Nelson,-
Byron Palacios,€500k
Leonardo Sigali,€100k
Finley Burns,€1.00m
Bruno Bertinato,€300k
Mateusz Łęgowski,€3.00m
Gabriel,€55.00m
Ryan Nyambe,€1.00m
Flavio,-
Abiel Osorio,€1.50m
Geny Catamo,€15.00m
Jefferson Valverde,€300k
Mata,€700k
Miguel Vargas,-
Þórir Jóhann Helgason,Not Found
Abdoulaye Sissako,€700k
Zeno Van Den Bosch,€8.00m
Evander,€14.00m
Rubén Sánchez,€350k
Moïse Sahi,€1.50m
Junior Marabel,€400k
Juan Fernando Alfaro,€800k
Jan Bednarek,€11.00m
Josh Keeley,€200k
David Costas,€1.40m
Freddie Potts,€600k
Harry Amass,-
Chris Donovan,€500k
Cédric Zesiger,€4.00m
Gabriel Suazo,€3.00m
Danel Sinani,€500k
Andrew Omobamidele,€11.00m
Iker Aldai,Not Found
Elias Saad,€4.00m
Bambasé Conté,€800k
Doğukan Sinik,€2.00m
Franco Escobar,€800k
Tino Casali,€300k
Giacomo Drago,€300k
Gaspar Servio,€500k
Matt Targett,€8.00m
Marcão,€4.00m
Carlo Sickinger,€800k
Carlos Harvey,€400k
Tomáš Suslov,€6.00m
Ian Forns,€200k
Pathé Ciss,€2.50m
Nate Jones,€50k
Yasser Al Shahrani,Not Found
Luis Miranda,€450k
Aaron Donnelly,€500k
Stijn Bultman,€600k
Maximilian Rohr,-
George Saville,€1.50m
Lucas Noubi,€2.50m
Oskar Annell,€50k
Català,-
Seny Dieng,€2.00m
Andrea Petagna,€2.00m
Tom Reyners,€900k
Mustafa Erhan Hekimoğlu,€2.50m
Branimir Hrgota,€1.00m
Mohammed Al Shuwayrikh,Not Found
Stefano Negro,€150k
Martín Parra,€400k
Patrick Schulte,€3.50m
Rodrigo Alborno,€125k
Fredy Colmán,€150k
Joris Chotard,€9.00m
Thierry Correia,€6.00m
Beto,-
Luis Benítes,€400k
Antonio Candela,€2.30m
Guillermo Maripán,€4.00m
José Rivera,-
Brian Plat,€600k
Lukas Ullrich,€3.00m
Leonardo Mancuso,€500k
Gastón Valles,€500k
Nico Serrano,€1.40m
Hakim Ziyech,€5.00m
Cenk Tosun,€1.40m
Àlex Sala,€400k
Ernest Poku,€1.50m
Steve Cook,€600k
Haroune Camara,€275k
Thiago Perugini,-
Taylan Utku Aydın,€250k
Khvicha Kvaratskhelia,€85.00m
Reuven Niemeijer,€300k
Josh Cullen,€8.00m
Abdulrahman Al Sanbi,Not Found
Alex Franco,€1.20m
José María Giménez,€22.00m
Dapo Afolayan,€4.00m
Sebastián Ruíz Díaz,-
Jeffrey de Lange,€2.50m
Jacob Shaffelburg,€5.00m
Marcos André,-
Leonardo Aponte,€350k
Emre Can,€7.00m
Mateus,€40.00m
Franco Armani,€900k
Samuele Vignato,€3.50m
Marcelo Suárez,-
Exequiel Zeballos,€6.00m
Acerete,-
Manu Sánchez,€6.00m
Justin Heekeren,€600k
Aki Koch,€100k
João Virgínia,€800k
Tiago Araújo,€1.00m
Ed Turns,€400k
Brendan Galloway,€350k
Mohammad Mahmoud,-
Stefano Sabelli,€1.50m
Cheick Thiam,€50k
Wylan Cyprien,€1.00m
Fidan Aliti,€1.00m
Tomé Sousa,€200k
Mohamed Amoura,€22.00m
Liam Gibbs,€2.20m
Facundo Farías,€4.00m
Dejan Ljubičić,€5.00m
Ardon Jashari,€11.00m
Lee Kang In,Not Found
David Datro Fofana,€8.50m
Ross Stewart,€4.50m
Daniel Bocanegra,€50k
Anthony Moris,€1.80m
Myles Peart-Harris,€700k
Mardochee Nzita,€750k
Holden Trent,-
Reece James,€30.00m
Rai Marchán,€200k
Rémy Labeau Lascary,€2.50m
Matthis Abline,€9.00m
Kaio César,€3.00m
Cristian Arango,€7.50m
Jefferson Tavares,€75k
Robin Zentner,€3.00m
Ngal'ayel Mukau,€10.00m
Drew Baiera,€75k
Carlo Holse,€3.40m
Aster Vranckx,€12.00m
Alassane Ndao,€1.30m
Lennard Hens,€700k
Cristian Buonaiuto,€400k
Antonio Sanabria,€6.00m
Toni Fuidias,€300k
Bryan Zaragoza,€12.00m
Cristopher Fiermarin,€1.50m
Gianluca Lapadula,€1.00m
Josh Seary,€100k
Adrian Benedyczak,€6.00m
Luis Abram,€2.00m
Filip Marchwiński,€4.50m
Nicolás Cárcamo,€50k
Antony,€20.00m
Jonas Wind,€13.00m
Camilo Mayada,€200k
Tomás O'Connor,€2.20m
Mansour Al Shammari,Not Found
Afonso Rodrigues,€400k
Maxime Busi,€1.20m
Renzo Garcés,€850k
Leonardo Gil,€550k
Nicolas Schmid,-
Ladislav Krejčí,€10.00m
Federico Bonazzoli,€1.30m
Alexander Prass,€9.00m
Tobias Mohr,€500k
Aynsley Pears,€1.20m
Mohamed Sankoh,€600k
Alessandro Fontanarosa,€750k
Reinier,€2.50m
Gastón Ávila,€4.00m
Simon Mignolet,€1.50m
Sean Davis,-
Alejandro Silva,€300k
Vicente Conelli,€300k
Adrian Blake,€500k
Dominik Livaković,€11.00m
Moisés Ramírez,€1.20m
Logan Ketterer,€100k
Sam Mather,-
Mohamed Koné,€1.70m
Miguel Ángel Martínez,-
Hussain Al Shuwaysh,Not Found
Xavier Valdez,€75k
Jorge Arias,€400k
Diego Pampín,€900k
Jannik Hofmann,€300k
Marco Silvestri,€500k
Alessandro Bastoni,€75.00m
Jan Olschowsky,€600k
Yannick Gerhardt,€3.00m
Diego Zabala,€500k
Alex Ferrari,€350k
Mohammed Kudus,€50.00m
Jacob Jackson,€125k
Victor Pálsson,€350k
Bruno Costa,€500k
Simone Davi,-
Rodrigo Formento,€500k
Koba Leïn Koindredi,Not Found
Anthony Musaba,€1.30m
Alex Palmer,€1.20m
Matias Cavalleri,€600k
Luis Suárez,€2.80m
Denzel Hall,€450k
Nicolás Palavecino,€275k
Daniel Gutiérrez,-
Lucas Chevalier,€30.00m
Agustín Álvarez,€4.00m
Carlos Quintana,€100k
Martín Cáceres,€150k
Valentin Castellanos,€20.00m
Larrubia,-
Lequincio Zeefuik,€1.00m
Louis Patris,€2.00m
Alessandro Bianco,€5.00m
Gaby Jean,€1.00m
Mason Holgate,€5.00m
Pere Milla,€2.00m
James McConnell,€800k
Gonzalo Pérez,€700k
Dixon Contreras,€25k
Jaime Alvarado,€1.60m
Hassane Kamara,€3.50m
Tidiane Diallo,-
Ever Valencia,€400k
Florian Krüger,€400k
Josip Šutalo,€18.00m
Randall Leal,€2.00m
Alessandro Di Pardo,€750k
Liam Millar,€3.50m
Wilfred Correa,€150k
Filippo Bandinelli,€1.20m
Raffael Behounek,€950k
Neto Volpi,€400k
Mathias Jensen,€25.00m
Gustav Christensen,€500k
Franco Jara,€200k
Moise Kean,€30.00m
Daryl Dike,€3.20m
Jonny Howson,€200k
Miguel Ángel Benítez,-
Francesco Zampano,€1.10m
Abel Luciatti,€1.20m
Diego Gil,-
Abdoullah Ba,€4.00m
Daniel Felipe Ruiz,€1.40m
Luca Warrick Koleosho,Not Found
Ahmed Sharahili,€650k
Yussuf Poulsen,€5.00m
Pablo Chavarría,€75k
Ilie Sánchez,€500k
Hugo Rama,-
Viktor Kovalenko,€1.20m
Cristian Devenish,€800k
Eddie Nketiah,€25.00m
Edwin Herrera,€750k
Marian Kirsch,€75k
Kevin Stöger,€4.50m
Rick van Drongelen,€2.00m
Florian Lejeune,€3.00m
Issiaga Sylla,€2.00m
Lucas Perri,€8.00m
Mehmet Albayrak,-
Bosun Lawal,€1.80m
Harvey Davies,€500k
Edson Aubert,€100k
Mahmoud Dahoud,€5.00m
Enric Llansana,€1.80m
Juan Foronda,-
Cody Baker,€600k
Žan Majer,€400k
Thorgan Hazard,€4.00m
Steven Berghuis,€5.00m
Nicolás Johansen,€500k
Angus Gunn,€2.50m
Patrick Vroegh,€175k
Jann-Fiete Arp,€800k
Clinton Mata,€4.00m
Konstantinos Koulierakis,€15.00m
Abdulrahman Ghareeb,€2.30m
David Torres,€1.00m
Kenedy,€1.00m
Danny Welbeck,€5.00m
Rhian Brewster,€3.00m
Francesco Cassata,€600k
İsmail Köybaşı,€50k
Nicolas Jackson,€55.00m
Moncayola,€7.00m
Melih Ibrahimoglu,€550k
Joe Lumley,€600k
Anass Zaroury,€8.00m
Wout Faes,€20.00m
Davinson Sánchez,€19.00m
Tobías Rubio,€1.20m
Aaron Herrera,€2.00m
Samuel Obeng,€600k
Edu Espiau,€600k
Cristian Espinoza,€5.00m
Dawda,-
Charalambos Makridis,€400k
Samuel Edozie,€8.00m
Nuno Santos,€11.00m
Luis Paz,-
Dara O'Shea,€14.00m
Óscar Sielva,€800k
Tomás Asta-Buruaga,€450k
Anderson Contreras,€175k
Julian Weigl,€6.00m
Marvin Mehlem,€2.50m
Kyle Naughton,€150k
Raúl Alcaina,€200k
Jérémy Mellot,€1.00m
Gino Infantino,€3.00m
Benjamín Schamine,€175k
Andrew Brody,€1.50m
Sam Beukema,€22.00m
Sacha Bansé,€650k
Amir Kurdi,Not Found
Ezequiel Olivera,€200k
Vladan Kovacević,€5.00m
Evann Guessand,€20.00m
Romero,€65.00m
Kevin O'Toole,€850k
Callum Styles,€2.50m
Lachlan Brook,€350k
Marcelo Silva,-
Frédéric Guilbert,€2.50m
Bruny Nsimba,€1.80m
Max Grüger,€1.50m
Daniel Batz,€350k
Sebastian Nanasi,€15.00m
Sandy Walsh,€1.00m
Javier Otero,-
Carlos Pérez,€400k
Fawaz Al Sagour,Not Found
Daniele Verde,€1.30m
João Mendes,€2.50m
Ryan Ledson,€1.20m
Jacob Christensen,€1.00m
Facundo Buonanotte,€22.00m
Guillaume Dietsch,€250k
Jaden Dixon,€300k
Yanis Senhadji,€300k
Adilson Mendes,-
Adilson Malanda,€3.50m
Leonardo Bittencourt,€2.00m
Luca Fiordilino,€600k
Abakar Sylla,€12.00m
Sven Botman,€45.00m
Esteban Lozano,€100k
Deniz Gül,€4.50m
Ylies Aradj,-
Jake Davis,€2.00m
Charles Pickel,€2.40m
Bruno Diaz,-
Dimitri Foulquier,€2.50m
Nordin Musampa,€150k
Michele Di Gregorio,€18.00m
José Ortíz,-
Ezri Konsa,€35.00m
Nathan Broadhead,€5.00m
Edoardo Pieragnolo,€2.40m
Amine Gouiri,€20.00m
Nikolas Nartey,€400k
Bryan Lasme,€600k
Adama Traoré,€10.00m
Jordan Lefort,€1.20m
Henrique Araújo,€2.00m
Manu Fuster,€2.40m
Sultan Faqihi,€175k
Danny Ward,€1.50m
Yorleys Mena,€500k
Rodrigo Melgarejo,€500k
Tyrell Sellars-Fleming,-
Aaron Meijers,€100k
Björn Engels,€200k
Yusuf Sarı,€3.80m
Destiny Udogie,€45.00m
Rodrigo Macedo,€100k
Quinten Timber,€32.00m
César Olmedo,€1.50m
Afonso Freitas,€400k
Gonzalo Montiel,€8.00m
Callum O'Hare,€2.20m
Osnar Noronha,€300k
Luuk de Jong,€3.00m
Franco Vázquez,€1.00m
Daouda Weidmann,€350k
Jerry Yates,€3.50m
Devin Padelford,€600k
Lucas Soares,€800k
Horacio Calcaterra,€300k
Ľubomír Šatka,€1.30m
Gianluca Frabotta,€1.20m
Gustavo Assunção,€1.00m
Carlens Arcus,€1.50m
Nathan Harriel,€1.20m
Bruno Guimarães,€80.00m
Alassane Plea,€6.00m
Orri Óskarsson,€20.00m
Elton Yeboah,€200k
Alfie Doughty,€9.00m
Nicolas Kristof,€1.00m
Rafa Soares,€1.20m
Ronald Hernández,€350k
Domen Črnigoj,€900k
Fabio Miretti,€12.00m
Ahmed Horaisi,Not Found
Valentin Antov,€2.00m
Harry Wilson,€17.00m
Jonas Bauer,-
Leonardo Castro,€1.00m
Alexandru Maxim,€700k
Ignacio Gariglio,€125k
Cristian Cauz,€350k
Antoine Joujou,€2.50m
Milton Cantero,-
Guzmán Rodríguez,€2.50m
Wilson Ibarrola,€275k
Darlington Nagbe,€1.50m
Michael Baldisimo,€200k
Jesse Joronen,€1.00m
Andrea Tessiore,€250k
Quentin Westberg,€75k
Úmaro Embaló,€700k
Aurélio Buta,€5.00m
Jordan Morris,€4.50m
Rafael Brito,€400k
Jaime Villamil,-
Efraín Morales,€150k
Wuilker Faríñez,€800k
Omari Forson,€2.00m
Dylan Glaby,€1.00m
Matt Phillips,€400k
Kévin Appin,€1.00m
Connor Krempicki,€400k
Lorenzo Colombo,€6.00m
Kenneth Mamah,€700k
Richard Prieto,-
Simone Perilli,€200k
Kristjan Matošević,€200k
Fabian Heck,-
Eren Karaağaç,€50k
Adil Aouchiche,€2.50m
Beder Caicedo,€250k
Nathan Ordaz,€500k
Charlie Cresswell,€5.00m
Christian Dalle Mura,€600k
Tammy Abraham,€20.00m
Jakub Moder,€10.00m
Jorne Spileers,€3.00m
Hannes Van Der Bruggen,€650k
Pier Grazziani,€150k
Arnau Puigmal,€1.50m
Ortwin De Wolf,€1.20m
Karim Hüneburg,-
Emmanuel Agbadou,€10.00m
Andy Polo,€1.00m
Liam Morrison,€300k
Richard van der Venne,€300k
Raúl Loaiza,€1.00m
Agustin Hausch,€50k
Christopher Scott,€600k
Samu Sáiz,€325k
Noor Al Rashidi,Not Found
Mio Backhaus,€2.00m
Diogo Calila,€700k
Marvin Bejarano,€75k
Francisco Mwepu,€500k
Emiliano Vidart,€125k
Cristian Barrios,€1.60m
Jader,€40.00m
Francesco Donati,€300k
Jean Pierre Rosso,€400k
Mohamed Belloumi,€5.00m
Ralph Priso,€500k
Samuel Amo-Ameyaw,€300k
Salah-Eddine Oulad M'Hand,€400k
Nicolás Meza,€125k
Alessio Vita,€500k
Anis Hadj-Moussa,Not Found
Alaa Al Hajji,Not Found
Enrique Triverio,€200k
Franco Ibarra,€2.00m
Dani Gómez,€1.20m
Bader Monshi,Not Found
Marko Milovanović,€600k
Omar Campos,€4.00m
Jorge Sáenz,€1.50m
Charlie McNeill,€200k
Barrenetxea,€20.00m
Ali Al Hamadi,€2.50m
Dylan Lawlor,-
Mohammed Abdulrahman,-
Alfie Gilchrist,€5.00m
Josh Maja,€3.20m
Loret Sadiku,€300k
Leander Popp,€300k
Gennaro Borrelli,€2.80m
Marcin Kamiński,€400k
Berrocal,€2.20m
Ignacio Chicco,€1.00m
Eric Puerto,€200k
Michel Ange Balikwisha,Not Found
Aguado,-
Loum Tchaouna,€10.00m
Senny Mayulu,€5.00m
Zeki Çelik,€5.00m
Mert Kömür,€2.00m
Nils Körber,€250k
Berkay Yilmaz,-
Matías Palavecino,€150k
Enis Destan,€4.30m
Tobias Salquist,€800k
Christian Kouamé,€7.50m
Mo Adams,€100k
Vítor Gomes,€100k
Luke Shaw,€20.00m
Ethan Mbappé,€2.00m
Hjörtur Hermannsson,€400k
Almir Soto,€150k
CJ Egan-Riley,€1.50m
Dani Olmo,€60.00m
Manuel Fernández,€4.80m
Chukwubuikem Ikwuemesi,€1.80m
Jonathan Mensah,€350k
Marvin Schulz,€700k
Alan Lescano,€5.50m
Darko Lazović,€1.50m
Rodri,€130.00m
Jamilu Collins,€900k
Harry Souttar,€7.00m
Miguel,€16.00m
Braian Samudio,€1.20m
Joselpho Barnes,€250k
Daniel Bunk,€100k
Anouar Ait El Hadj,€1.80m
Ali Al Musrati,Not Found
Simon Moore,-
Matteo Prati,€9.00m
Sorba Thomas,€4.00m
Pedro Trigueira,€75k
Alex Robertson,€1.00m
Ruben Providence,€450k
Abdulrahman Al Shammari,Not Found
Kieran Tierney,€10.00m
Khalifa Al Dawsari,Not Found
Carlo Pinsoglio,€200k
Pablo Piatti,-
Wahbi Khazri,€1.50m
Renato Sanches,€5.00m
Bjarki Steinn Bjarkason,€800k
Lucas Mancinelli,€175k
Marc-Oliver Kempf,Not Found
Ricky van Wolfswinkel,€450k
José Machín,€500k
Callum Hudson-Odoi,€24.00m
Juan Carlos,-
Luís Rocha,€350k
Duván Zapata,€4.00m
Claudio Gomes,€2.80m
Oliver Semmle,€400k
Max Weiß,€2.00m
Guille Bueno,€600k
Nick Pariano,€50k
Lukas Petkov,€800k
Nicolás Dávila,€250k
Lutsharel Geertruida,€32.00m
Evan Ndicka,€25.00m
Frank Tsadjout,€600k
Teo Quintero,€800k
Cameron Burgess,€2.50m
Carlos Forbs,€8.00m
Glen Kamara,€6.00m
Jasmin Kurtić,€400k
Joaquín Gutiérrez,€700k
Soner Aydoğdu,€125k
Jordy Bruijn,€450k
Siebe Van der Heyden,€2.00m
Miguel Reisinho,€800k
Philipp Klement,€400k
Julius Dirksen,€450k
Markus Anderson,€200k
Jordán Santacruz,-
Leonardo Balerdi,€20.00m
Mauro Coppolaro,€400k
David Cornell,€200k
Julien Devriendt,€300k
Cameron Brannagan,€500k
Lorenzo Amatucci,€2.00m
Ivo Grbić,€2.60m
Antonín Barák,€3.40m
Oscar Vilhelmsson,€1.50m
Armando Izzo,€2.50m
Aldo Corzo,€350k
Martín Tejón,€500k
Sergio Busquets,€1.80m
Davide Diaw,€600k
Martín Ferreira,€325k
Ramiro González,€200k
Leandro Trossard,€30.00m
Enzo Ebosse,€2.00m
Pedro Díaz,€2.50m
Francisco Morel,€100k
Tim Oberdorf,€1.20m
Robin Krauße,€450k
Joel Silva,-
Byron Castillo,€1.00m
Patrick William,-
Ali Eren Ersungur,Not Found
Sergio González,-
Estivel Moreira,€400k
Vincent Aboubakar,€2.00m
Edoardo Masciangelo,€300k
Dodi Lukébakio,€12.00m
Mattia Maita,€750k
Erik Godoy,€250k
Chidozie Awaziem,€2.00m
Magunagoitia,€600k
Kristoffer Lund Hansen,€3.50m
Wayne Frederick,€75k
Joao Rojas,€250k
Kelvin Amian,€2.50m
Benedikt Gimber,€3.00m
Jonas Svensson,€1.70m
Issa Soumaré,€1.00m
Sergio Ortuño,€1.00m
Boyd Lucassen,€500k
Yorbe Vertessen,€6.00m
Alain Baroja,€150k
Falaye Sacko,€3.00m
Oumar Gonzalez,€1.80m
Muhammet Taha Tepe,€150k
Djaniny,€2.50m
Agustín Baldi,€300k
Jeisson Vargas,€250k
Cemali Sertel,€1.00m
Bennit Bröger,€500k
Luís Hernández,€200k
Daniel Karlsbakk,€800k
Toni Abad,€600k
Jayden Oosterwolde,€15.00m
Tobias Lauritsen,€4.00m
Alexander Bernhardsson,€1.50m
Matty Jacob,€100k
John Tolkin,€4.00m
Divock Origi,€2.50m
Fikayo Tomori,€22.00m
Ahmed Kutucu,€3.50m
Jorquera,-
João Novais,€700k
Davie Selke,€2.00m
Saša Lukić,€10.00m
James Sands,€3.00m
Koen Van Langendonck,€150k
Kal Naismith,€700k
Emran Soglo,€1.00m
Gabriel Batista,€1.50m
Tomás Araújo,€28.00m
Paul Wanner,€18.00m
Søren Tengstedt,€800k
Alan,€200.00m
Melvin Zinga,€150k
Pierre Ekwah,€4.00m
Rafik Belghali,€800k
João Cancelo,€18.00m
Omenuke Mfulu,€700k
Tomás Conechny,€4.50m
Georges Mikautadze,€18.00m
Théo Sainte-Luce,€800k
Abdullah Al Owayshir,Not Found
Ben Pearson,€2.00m
Jonathan Osorio,€2.00m
Mateusz Bogusz,€10.00m
Lucas Suárez,€700k
Rodrigo Gomes,€15.00m
Diego Chará,€150k
Leon Opitz,€600k
Trincão,€27.00m
Brenden Aaronson,€11.00m
Niko Koulis,€600k
Lukas Jensen,€500k
London Aghedo,€50k
Sam Bell,€1.20m
Armindo Sieb,€4.00m
Gustavo Vallecilla,€1.20m
Jordy Clasie,€2.00m
Johannes Eggestein,€2.50m
Raphael Onyedika,€16.00m
Enrico Brignola,€300k
Alan Do Marcolino,€150k
Einar Galilea,€400k
Richard Ortiz,€300k
Johan Bakayoko,€40.00m
Abraham Romero,€175k
Pedro Franco,€250k
Tommy Maistrello,€250k
José Carvallo,€100k
Raffaele Maiello,€300k
Pep Chavarría,€2.00m
Youri Regeer,€6.00m
Stefano Turati,€7.50m
Muammer Yıldırım,€25k
Matai Akinmboni,€1.00m
Simon Sohm,€4.00m
Joan Cruz,€400k
Reece Welch,€400k
Abdulelah Hawsawi,€350k
Turrientes,€20.00m
Filip Jörgensen,€20.00m
Bryan Limbombe,€500k
Johnny Cardoso,€20.00m
Prince Owusu,€2.00m
Javi Mier,€600k
Bruno Poveda,€350k
Majid Hosseini,€1.40m
Aimé Mabika,€250k
Moussa Diarra,€2.00m
Adrian Gantenbein,€800k
Ibrahima Wadji,€800k
Lucas Hernández,€32.00m
Olwethu Makhanya,€250k
Moussa Djenepo,€2.80m
Stanis Idumbo,€800k
Vito Mannone,€200k
Niklas Kolbe,€400k
Taylan Bulut,€2.00m
Christian Conteh,€500k
Marvin Ducksch,€9.00m
Luis Pavia,€300k
Tom Lowery,€150k
Demir Ege Tıknaz,€2.50m
Godfrey Stephen,€350k
Oday Dabbagh,€1.20m
Dickson Abiama,€500k
Alejo Veliz,€9.00m
Robert Kwasigroch,€200k
Gastón Lezcano,€75k
Mark McGuinness,€9.00m
Gabriel Vidović,€3.00m
Gerrit Holtmann,€700k
Rubén Manjarrés,€450k
Marvin Pieringer,€5.50m
Hugo Lloris,€1.00m
Juande,-
Tiago Dias,€250k
Fábio Martins,€2.50m
Hans Nicolussi Caviglia,€6.00m
Alberto Dossena,€7.00m
Lucas Höler,€3.50m
Tom Barkhuizen,€450k
Teddy Boulhendi,€100k
Enzo Leopold,€2.50m
Riccardo Orsolini,€16.00m
Ibrahim Aliyu,€3.00m
Koki Ogawa,€3.00m
Santiago Castro,€25.00m
Thijmen Blokzijl,€800k
Jackson Muleka,€3.50m
Daley Sinkgraven,€1.00m
Hamza Mendyl,€1.00m
Arkadiusz Reca,€1.00m
Diego Falcinelli,€400k
Marvel,€5.00m
Francis Amuzu,€4.50m
Postigo,€300k
Mert Hakan Yandaş,€1.10m
Lewis Baker,€1.80m
Berat Özdemir,€4.80m
Morgan Guilavogui,€3.00m
Nahuel Molina,€28.00m
Freddie Issaka,€200k
Henrik Meister,€3.00m
César Miño,€1.00m
Owen Dale,€450k
Valber Huerta,€1.00m
Ali McCann,€2.20m
Jairo Vélez,€650k
Alexander Oroz,€400k
Bret Halsey,€200k
Cristian Rivero,€50k
Mario Gaspar,€500k
Esteban Pavez,€500k
Lucas Quintana,€1.50m
Aron van Lare,€25k
Miquel Parera,€700k
Mathias Olesen,€1.00m
Soumaila Coulibaly,€9.00m
Guillermo Fernández,€1.30m
Jorge Murrugarra,€550k
Zubeldia,€22.00m
Adryelson,€4.00m
Felipe,€60.00m
Robbie Brady,€400k
Will Goodwin,€325k
Oliver Antman,€1.40m
Diogo Leite,€17.00m
Arthur Cabral,€12.00m
Juan Cardozo,-
Carlos Gruezo,€1.80m
Álex Berenguer,€12.00m
John Montaño,-
Antonio Molina,-
Noah Adedeji-Sternberg,€1.80m
Assan Ceesay,€1.60m
Gvidas Gineitis,€4.00m
Andrea Oliveri,€800k
Ronald,€12.00m
Marcos Luna,€500k
Wes Burns,€4.00m
Núrio Fortuna,€800k
Lukas Hornicek,€2.00m
Yunus Emre Çift,€350k
Michael Fuentes Vadulli,Not Found
Aleksandar Radovanović,€600k
Hauke Wahl,€1.50m
Yimy Gamero,€450k
Vicente Pizarro,€3.00m
Dennis Jastrzembski,€400k
Toma Bašić,€1.00m
Abdelhamid Sabiri,€1.50m
Iker Almena,€1.00m
Ben Krauhaus,-
Marco Huamán,€450k
Marko Jevtović,€700k
Himad Abdelli,€5.00m
Mathieu Maertens,€2.20m
Giacomo Poluzzi,€300k
Michael Hoyos,€300k
Karlo Lulić,€450k
Aljoscha Kemlein,€7.00m
Fran Navarro,€6.00m
Joachim Andersen,€32.00m
Femi Seriki,€300k
Florent Sanchez,€200k
Gaius Makouta,€2.30m
Bartosz Slisz,€5.00m
Abdoul Fessal Tapsoba,€375k
Jahlane Forbes,€75k
Jon Mikel Aramburu,€5.00m
Ibrahim Diakité,€800k
Joaquin Seys,€7.00m
Hayden Carter,€2.50m
Justin Diehl,€3.50m
Pablo Aranda,-
Ethan Wheatley,-
Josh Coburn,€1.50m
Ché Adams,€15.00m
Bill Antonio,€1.20m
Callum Doyle,€15.00m
Andreaw Gravillon,€3.00m
Otávio,€18.00m
Nicola Bagnolini,€200k
Mehmet Can Aydın,€1.00m
Yunus Musah,€22.00m
Halid Šabanović,€200k
Erling Haaland,€200.00m
Andrew Gutman,€700k
Aymen Barkok,€700k
Sebastián Cristóforo,€200k
Geovany Quenda,€30.00m
Rav van den Berg,€4.00m
Adrián Pacheco,-
Diego Penny,€25k
Mathew Ryan,€2.50m
Lukas Nmecha,€4.00m
Mahamadou Diawara,€2.50m
Juan Barinaga,€4.00m
Matias Fonseca,€400k
John Klein,€300k
Jonatan Torres,€600k
Abdulkarim Darisi,€175k
Zion Suzuki,€9.00m
Mirko Topić,€5.00m
Agustín Ruberto,€3.00m
Tyrese Spicer,€500k
Rasmus Kristensen,€10.00m
Mathias Rasmussen,€2.20m
Carlos Beltrán,-
Vincenzo Grifo,€7.50m
Rick Meissen,€650k
Andrés Cubas,€4.00m
Matisse Samoise,€2.50m
Román Gómez,-
Finn Stokkers,€450k
Jeong Woo Yeong,Not Found
Joel Graterol,€800k
Favian Loyola,€100k
Hamari Traoré,€6.00m
Manuel Cicconi,€600k
Thomas Geyer,€150k
Ermedin Demirović,€28.00m
Aníbal Chalá,€1.00m
Andrew,€25.00m
Hamilton Pereira,€10k
Carlton Morris,€11.00m
Nick Fichtinger,€450k
Can Bozdoğan,€4.50m
Kaishū Sano,€7.00m
Luca Netz,€8.00m
Willian Cevallos,-
Harvey Griffiths,€150k
Issa Kaboré,€6.00m
Karol Niemczycki,€400k
Vesga,€4.00m
Berat Djimsiti,€8.00m
Álex López,€100k
Mathías Olivera,€18.00m
Joel Calicho,€400k
Amari'i Bell,€2.50m
Raúl Sánchez,-
Brice Maubleu,€300k
Mert Yılmaz,€250k
Antonino Gallo,€5.50m
Alex Oxlade-Chamberlain,€2.30m
Maximilian Mittelstädt,€20.00m
Ondřej Karafiát,€600k
Amet Korça,€200k
Kialonda Gaspar,€2.50m
Nicolás González,€35.00m
Vic Chambaere,€300k
Nilton Varela,€800k
Abdul Fatawu,€13.00m
Hélder Costa,€900k
Héctor Fort,€10.00m
Yohei Takaoka,€2.00m
Tai Baribo,€1.50m
Abel Bretones,€3.00m
Cris Montes,Not Found
Salva Ferrer,€400k
Ryan Gravenberch,€55.00m
Lorenzo Dellavalle,€150k
Ethan Bartlow,€600k
Alexis Manyoma,€1.80m
Keaton Parks,€3.50m
Anton Bäuerle,€200k
Mislav Oršić,€1.70m
Gonzalo Valle,€350k
Mateo Argüello,€100k
Josué Dorrio,€800k
John McCarthy,€600k
Jake Cooper,€3.00m
Casper Tengstedt,€7.00m
Cédric Bakambu,€2.50m
Lucas Soto,-
Niclas Anspach,€200k
Salinas,-
Maikel Chang,€300k
Rodrigo Muniz,€20.00m
Driess Saddiki,€200k
Mateo Carabajal,€1.20m
Willian Pacho,€40.00m
Luca Magnino,€750k
Francisco Flores,€600k
Lukas MacNaughton,€1.50m
Allan Arigoni,€700k
Niccolò Pisilli,€12.00m
Federico Bernardeschi,€4.00m
Jon Martín,€2.00m
Przemysław Szymiński,€400k
Jan Elvedi,€800k
Nico Paz,€20.00m
Jhon Narváez,Not Found
Tyler Adams,€15.00m
Anders Dreyer,€10.00m
Matías Kranevitter,€1.20m
Robert Gumny,€2.00m
Ben Lloyd,-
Joey Veerman,€32.00m
Abdullah Ateef,Not Found
Sebastian Mrowca,€300k
Andrés Borge,-
Matthias Braunöder,€2.00m
Maghnes Akliouche,€40.00m
Abdelkabir Abqar,Not Found
Enzo Millot,€42.00m
Kristjan Asllani,€18.00m
Daniel Heuer Fernandes,€700k
David Min,€1.00m
Armin Gigović,€3.00m
Roberto Insigne,€1.20m
Matheo Raab,€600k
Paul Seguin,€1.20m
Stephen Afrifa,€1.00m
Morten Behrens,€250k
Ibrahima Niane,€1.50m
Karol Linetty,€3.50m
Kevin Sánchez,-
Martin Adeline,€900k
Fer Niño,€2.00m
Nicolas Janvier,€700k
Osama Al Mermish,Not Found
Zinédine Ould Khaled,€300k
Jonathan Shore,€75k
Cedric Teguía,€500k
Michal Sadílek,€7.00m
Zaldúa,€500k
Michele Camporese,€350k
Ryotaro Ito,€2.50m
André Horta,€4.50m
José Leguizamón,€75k
Roko Baturina,€600k
Robin Heußer,€900k
Blessing Edet,€100k
Léider Berdugo,€400k
Luca Itter,€1.50m
Niklas Klinger,€100k
Catena,€4.00m
Matteo Grandi,€150k
Moritz Broschinski,€2.50m
Maxence Lacroix,€20.00m
William Mikelbrencis,€750k
Harry Pickering,€4.20m
Ismaily,€1.50m
Adam Marušić,€4.00m
Sigurd Rosted,€800k
Ghislain Konan,€5.00m
Ernesto Pinillos,-
Abdülkerim Bardakcı,€7.50m
Lorenzo Andrenacci,€250k
Omar Marmoush,€60.00m
Görkem Sağlam,€1.10m
Malik Henry-Scott,€100k
Lewis Orford,€400k
Kamil Çörekçi,Not Found
Brent Kallman,€200k
Joe Worrall,€5.50m
Chris-Emmanuel Lokesa,Not Found
Tom Gaal,€450k
Antoine Gauthier,-
Jáder Obrian,€2.00m
Jhoanner Chávez,€4.00m
Serdar Dursun,€400k
Jay Dasilva,€2.20m
Matteo Darmian,€4.00m
Victor Boniface,€45.00m
Wataru Endo,€12.00m
Roberto Gagliardini,€2.00m
Manuel Capasso,€1.00m
Samuel Soares,€3.00m
Nicholas Hagen,€200k
Francis Mac Allister,€300k
Janio Pósito,€150k
Tosin Adarabioyo,€20.00m
Jan Mlakar,€2.20m
Monsef Bakrar,€800k
Favio Álvarez,€300k
Matteo Di Gennaro,€350k
Ashley Phillips,€2.20m
Sergi Gómez,€1.00m
Mauricio Cuero,€250k
Dani Pereira,Not Found
Alexis Villalba,€325k
Henok Teklab,€1.00m
Claudio Bravo,-
Joshua Kimmich,€50.00m
Djibril Diani,€600k
Pacheco,€1.00m
Aïssa Mandi,€1.50m
Óscar Rivas,€500k
Abdulaziz Al Bishi,Not Found
Welat Cagro,€600k
Terem Moffi,€18.00m
Juan Familia-Castillo,€300k
Phil Foden,€140.00m
Owen Hampson,-
Diego Wayar,€150k
Romario Rösch,€450k
César Gelabert,€1.50m
Eduard Atuesta,€2.00m
Cian Tyler,€50k
Grady Diangana,€4.00m
Igor Matanović,€8.00m
Ulises Sanchez,€4.20m
Ahmad Al Ruhaili,Not Found
Arthur,€5.00m
Jordan Storey,€3.80m
Sol Brynn,€275k
Alejandro Marqués,€1.50m
Ramiro Ruiz Rodríguez,€1.00m
Lucas Monzón,-
Alessio Iovine,€400k
Alessandro Bellemo,€1.50m
Thierno Barry,€14.00m
Reece Burke,€1.80m
Anselmo García MacNulty,€1.00m
Kim Seung Gyu,Not Found
Emiliano Velázquez,€300k
Meshari Sanyor,Not Found
Ephron Mason-Clark,€4.50m
Franco Vega,€100k
Irvyn Lomami,€100k
Miloš Veljković,€4.50m
Nadiem Amiri,€11.00m
Isaiah Jones,€4.00m
Svensson,-
Uroš Radaković,€850k
Mats Wieffer,€30.00m
Assan Ouédraogo,€10.00m
Gonzalo Falcón,€200k
Iddrisu Baba,€1.80m
Jeremy Antonisse,€700k
Badredine Bouanani,€5.00m
Ertuğrul Çetin,€450k
Julian Gaines,€100k
Oliver Ramis,-
Nathan Buayi-Kiala,€150k
Andrea Cagnano,€250k
Chrisantus Uche,Not Found
Iebe Swers,€200k
Medrano,-
Copete,€14.00m
Misael Dávila,€400k
Niels Nkounkou,€6.00m
Selim Amallah,€1.50m
Jesper Karlsson,€6.00m
Luca Schnellbacher,€700k
Óscar Valentín,€4.00m
Koen Kostons,€750k
Haruya Fujii,€2.50m
Simone Bastoni,€1.00m
Kayden Pierre,€800k
Leandro Hernández,€350k
Levente Szabó,€600k
Emil Holm,€7.00m
Dušan Tadić,€3.00m
Daniele Casiraghi,€900k
Joseph Attamah,€500k
Dodô,€22.00m
Nick Gillekens,€300k
Óscar Perea,€2.50m
Héctor Bellerín,€4.00m
André Geraldes,€200k
Başar Önal,€900k
Victor Jensen,€2.30m
Jeremy Ebobisse,€2.50m
Salazar,€800k
Nahuel Herrera,€150k
Jhojan Julio,€1.00m
Malthe Højholt,€1.00m
Julian Quiñones,€9.00m
Yalçın Kayan,€650k
Jhon Vélez,€500k
Leonardo Villagra,€75k
Merlin Röhl,€12.00m
Luis Engelns,€1.50m
Célio Pompeu,€1.20m
Manquillo,€1.80m
Ludovic Blas,€15.00m
Yassine Kechta,€5.00m
Brian Jepthe Bayeye,Not Found
Alex Cairns,€175k
Iván Jaime,€7.00m
Alouis Diriken,€200k
Iago Aspas,€3.00m
Micael,-
Baptiste Santamaria,€7.00m
Scott McTominay,€40.00m
Dael Fry,€4.80m
Romario Ibarra,€800k
Théo Zidane,€300k
Maximiliano Falcón,€900k
Pavel Kadeřábek,€2.50m
Pedro Neto,€55.00m
Pedro Álvaro,€1.50m
João Paulo,€8.00m
Pieter Gerkens,€1.50m
George Campbell,€1.20m
Julian Jeanvier,€650k
Akeel Higgins,-
Benito,€1.30m
Danny da Costa,€800k
Alexander Schwolow,€700k
Merquelanz,€600k
Ander Guevara,€5.00m
Nico Schlotterbeck,€40.00m
Dylan Vente,€800k
Viti Rozada,€1.50m
Oscar Højlund,€2.00m
Keegan Rosenberry,€1.20m
Ronald Araujo,€70.00m
João Félix,€30.00m
Stanko Jurić,€2.20m
Alex Suárez,€1.20m
Rafael Leão,€75.00m
Dion Lopy,€6.00m
Adrián Palacios,€900k
Samuel Shashoua,€350k
Miro Muheim,€2.70m
Lamine Fomba,€1.00m
Ruben Aguilar,€4.00m
Ömürcan Artan,€225k
Rico Preißinger,€300k
John Velásquez,€200k
Ezequiel Ávila,€3.00m
Mattia Compagnon,€400k
Mats Pannewig,€600k
Atakan Karazor,€12.00m
Gerónimo Rulli,€5.00m
Dedryck Boyata,€300k
Farik Ventura,€25k
Pablo Erustes,€325k
Sikou Niakaté,€6.00m
José Quintero,€300k
Loïc Lapoussin,€3.00m
Ali Demirel,€50k
Luka Lochoshvili,€600k
Mehdi Dorval,€2.50m
Nico González,€35.00m
Tyrhys Dolan,€5.00m
Sean Moore,-
Maxwell Kinsey,€150k
Mile Svilar,€14.00m
Morata,€13.00m
Sava-Arangel Čestić,€400k
Alexander Freeman,-
Erik Dueñas,€800k
Dorukhan Toköz,€1.40m
Rafael Barbosa,€400k
Sumayhan Al Nabit,Not Found
Hussain Al Zabdani,Not Found
Manolo Portanova,€500k
Gonzalo Montes,€750k
Nazinho,€3.00m
Gavi,€90.00m
Ryan Thomas,€600k
Davide Bettella,€300k
Gerard Valentín,€900k
Fabian Schleusener,€500k
Guido Herrera,€2.50m
Ludovit Reis,€3.50m
Cristian Tarragona,€500k
Aytaç Kara,€1.20m
Joel Ordoñez,€18.00m
Eray Cömert,€4.00m
Alex Moreno Paz,Not Found
Leon Goretzka,€22.00m
Jannik Huth,€400k
Arnau Martínez,€10.00m
Juan Bautista Miritello,€1.50m
Ivan Toney,€28.00m
Jacob Greaves,€20.00m
Lucas Perrin,€1.80m
Kolbeinn Birgir Finnsson,€900k
Mark Mampassi,€700k
Brian González,€75k
Gonçalo Sousa,€1.80m
Rudy Cardozo,€100k
Wolke Janssens,€400k
Warren Kamanzi,€2.00m
Hugo Martínez,€450k
Miranda,-
Pablo Roberto,€600k
Pietro Iemmello,€1.00m
Simone Pontisso,€500k
Jack Harrison,€16.00m
Gerónimo Heredia,€500k
Oliver Skipp,€14.00m
Matías Silva,-
Alexander Lind,-
Lalas Abubakar,€600k
Alejandro Bran,-
Andrea Cistana,€1.80m
Fresneda,€7.00m
Luka Janeš,€200k
Peter Stroud,€400k
Liam Kerrigan,€250k
Carlos Calzadilla,€250k
Noah Rupp,€200k
Fran Pérez,€6.00m
Víctor Aznar,€100k
Joseph Ceesay,€400k
Jobe Bellingham,€12.00m
Carmona,€300k
Nuno da Costa,€650k
Raúl Castro,-
Przemysław Frankowski,€8.00m
Dominic Iankov,€1.50m
Bobby Thomas,€2.50m
Malte Amundsen,€3.00m
Christopher Negele,-
Santiago Pierotti,€2.50m
Tsuyoshi Watanabe,€9.00m
Rodrigo Villalba,€1.80m
Samuel Portugal,€1.00m
Ramazan Civelek,€600k
Ferran Torres,€30.00m
Leandro Otormín,€275k
Julian Placias,€150k
Wes Foderingham,€900k
Nando Verdoni,€25k
Jimmy Cabot,-
Diego López,-
Fabricio,€6.50m
Marko Johansson,€400k
Sergio Ruiz,€2.00m
Yu Hirakawa,€900k
Thomas Didillon-Hödl,€950k
Kieffer Moore,€1.50m
Filipe Soares,€400k
Matheus Cunha,€50.00m
Nathan Broome,€100k
Laurent Henkinet,€250k
Mike Maignan,€35.00m
Haibrany Ruíz Díaz,€275k
Gabriele Guarino,€900k
Andreas Gianniotis,€400k
Ahmed Touba,€2.20m
Miles Robinson,€5.00m
Earl Edwards Jr.,€125k
Ederson,€30.00m
Moleiro,€20.00m
Luca Petrasso,€300k
Elgezabal,-
Ben Wilson,-
Flavien Tait,€900k
Ben Brereton Díaz,€8.00m
Kevin Mac Allister,€6.00m
Muhammed Şengezer,€2.00m
Alex Valera,€900k
Luca Ceppitelli,€300k
Luciano Nieto,€150k
Nicolas Meriano,€800k
Diogo Dalot,€40.00m
Michele Collocolo,€2.50m
Gernot Trauner,€3.00m
Georginio Rutter,€32.00m
Gumbau,€3.00m
Javier Altamirano,€1.70m
Cristian Dájome,€1.00m
Rafael Navarro,€5.00m
Bjørn Inge Utvik,€800k
Luis Milla,-
Daniel Pantschenko,€75k
